Pickup Branch,Post code,Post office name,Commune EN,Commune Khmer,Phone,Phone Number,Main Branch Phone,Branch Code,Branch EN,Branch Khmer,Category,Post office level,Type,Status,Latitude,Longitude,Search Text
BANA001,BANA001,Chamnaom,Chamnaom,Chamnaom,0716111197,0716111197,0316000285,BANP001,Banteay Meanchey,Banteay Meanchey,Agent,Agent,Authorized Dealer/ Authorized Agent,In effect,13.437565,102.934632,BANA001 | Chamnaom | Chamnaom | 0716111197 | BANP001 | Banteay Meanchey | Banteay Meanchey | Agent
BANA002,BANA002,Paoy Paet,Paoy Paet,Paoy Paet,068664966,068664966,0316000285,BANP001,Banteay Meanchey,Banteay Meanchey,Agent,Agent,Authorized Dealer/ Authorized Agent,In effect,13.682498,102.564968,BANA002 | Paoy Paet | Paoy Paet | 068664966 | BANP001 | Banteay Meanchey | Banteay Meanchey | Agent
BANA003,BANA003,Preah Punlea,Preah Punlea,Preah Punlea,0884844416,0884844416,0316000285,BANP001,Banteay Meanchey,Banteay Meanchey,Agent,Agent,Authorized Dealer/ Authorized Agent,In effect,13.59106,102.973797,BANA003 | Preah Punlea | Preah Punlea | 0884844416 | BANP001 | Banteay Meanchey | Banteay Meanchey | Agent
BANA004,BANA004,Phsar Kandal,Phsar Kandal,Phsar Kandal,0882344488,0882344488,0316000285,BANP001,Banteay Meanchey,Banteay Meanchey,Agent,Agent,Authorized Dealer/ Authorized Agent,In effect,13.646559,102.590885,BANA004 | Phsar Kandal | Phsar Kandal | 0882344488 | BANP001 | Banteay Meanchey | Banteay Meanchey | Agent
BANA005,BANA005,Ou Ruessei,Ou Ruessei,Ou Ruessei,0977842760,0977842760,0316000285,BANP001,Banteay Meanchey,Banteay Meanchey,Agent,Agent,Authorized Dealer/ Authorized Agent,In effect,13.69538,102.651888,BANA005 | Ou Ruessei | Ou Ruessei | 0977842760 | BANP001 | Banteay Meanchey | Banteay Meanchey | Agent
BANA006,BANA006,Roluos,Roluos,Roluos,067253334,067253334,0316000285,BANP001,Banteay Meanchey,Banteay Meanchey,Agent,Agent,Authorized Dealer/ Authorized Agent,In effect,13.80385,102.96445,BANA006 | Roluos | Roluos | 067253334 | BANP001 | Banteay Meanchey | Banteay Meanchey | Agent
BANA007,BANA007,Phnum Touch,Phnum Touch,Phnum Touch,0973991168,0973991168,0316000285,BANP001,Banteay Meanchey,Banteay Meanchey,Agent,Agent,Authorized Dealer/ Authorized Agent,In effect,13.410764,103.017448,BANA007 | Phnum Touch | Phnum Touch | 0973991168 | BANP001 | Banteay Meanchey | Banteay Meanchey | Agent
BANA008,BANA008,Paoy Char,Paoy Char,Paoy Char,0889574697,0889574697,0316000285,BANP001,Banteay Meanchey,Banteay Meanchey,Agent,Agent,Authorized Dealer/ Authorized Agent,In effect,13.774137,103.313281,BANA008 | Paoy Char | Paoy Char | 0889574697 | BANP001 | Banteay Meanchey | Banteay Meanchey | Agent
BANA009,BANA009,Chub Vari,Chub Vari,Chub Vari,0717333545,0717333545,0316000285,BANP001,Banteay Meanchey,Banteay Meanchey,Agent,Agent,Authorized Dealer/ Authorized Agent,In effect,13.623668,103.182027,BANA009 | Chub Vari | Chub Vari | 0717333545 | BANP001 | Banteay Meanchey | Banteay Meanchey | Agent
BANA010,BANA010,Banteay Chhmar,Banteay Chhmar,Banteay Chhmar,0976111877,0976111877,0316000285,BANP001,Banteay Meanchey,Banteay Meanchey,Agent,Agent,Authorized Dealer/ Authorized Agent,In effect,12.252597,105.977067,BANA010 | Banteay Chhmar | Banteay Chhmar | 0976111877 | BANP001 | Banteay Meanchey | Banteay Meanchey | Agent
BANA011,BANA011,Kampong Svay,Kampong Svay,Kampong Svay,066824778,066824778,0316000285,BANP001,Banteay Meanchey,Banteay Meanchey,Agent,Agent,Authorized Dealer/ Authorized Agent,In effect,13.600802,102.967587,BANA011 | Kampong Svay | Kampong Svay | 066824778 | BANP001 | Banteay Meanchey | Banteay Meanchey | Agent
BANA012,BANA012,Malai,Malai,Malai,0313339007,0313339007,0316000285,BANP001,Banteay Meanchey,Banteay Meanchey,Agent,Agent,Authorized Dealer/ Authorized Agent,In effect,13.566301,102.364078,BANA012 | Malai | Malai | 0313339007 | BANP001 | Banteay Meanchey | Banteay Meanchey | Agent
BANA013,BANA013,Thma Puok,Thma Puok,Thma Puok,0974331131,0974331131,0316000285,BANP001,Banteay Meanchey,Banteay Meanchey,Agent,Agent,Authorized Dealer/ Authorized Agent,In effect,13.941231,103.049339,BANA013 | Thma Puok | Thma Puok | 0974331131 | BANP001 | Banteay Meanchey | Banteay Meanchey | Agent
BANA014,BANA014,Koub,Koub,Koub,0973037787,0973037787,0316000285,BANP001,Banteay Meanchey,Banteay Meanchey,Agent,Agent,Authorized Dealer/ Authorized Agent,In effect,13.608353,102.764872,BANA014 | Koub | Koub | 0973037787 | BANP001 | Banteay Meanchey | Banteay Meanchey | Agent
BANA015,BANA015,Changha,Changha,Changha,068982047,068982047,0316000285,BANP001,Banteay Meanchey,Banteay Meanchey,Agent,Agent,Authorized Dealer/ Authorized Agent,In effect,13.647113,102.886313,BANA015 | Changha | Changha | 068982047 | BANP001 | Banteay Meanchey | Banteay Meanchey | Agent
BANA016,BANA016,Phnum Lieb,Phnum Lieb,Phnum Lieb,0885960140,0885960140,0316000285,BANP001,Banteay Meanchey,Banteay Meanchey,Agent,Agent,Authorized Dealer/ Authorized Agent,In effect,13.605432,103.312393,BANA016 | Phnum Lieb | Phnum Lieb | 0885960140 | BANP001 | Banteay Meanchey | Banteay Meanchey | Agent
BANA017,BANA017,Punley,Punley,Punley,0975662211,0975662211,0316000285,BANP001,Banteay Meanchey,Banteay Meanchey,Agent,Agent,Authorized Dealer/ Authorized Agent,In effect,13.76928,103.22615,BANA017 | Punley | Punley | 0975662211 | BANP001 | Banteay Meanchey | Banteay Meanchey | Agent
BANA018,BANA018,Sla Kram,Sla Kram,Sla Kram,0972078889,0972078889,0316000285,BANP001,Banteay Meanchey,Banteay Meanchey,Agent,Agent,Authorized Dealer/ Authorized Agent,In effect,13.832156,102.833294,BANA018 | Sla Kram | Sla Kram | 0972078889 | BANP001 | Banteay Meanchey | Banteay Meanchey | Agent
BANA020,BANA020,Banteay Neang,Banteay Neang,Banteay Neang,067895868,067895868,0316000285,BANP001,Banteay Meanchey,Banteay Meanchey,Agent,Agent,Authorized Dealer/ Authorized Agent,In effect,13.515097,103.017095,BANA020 | Banteay Neang | Banteay Neang | 067895868 | BANP001 | Banteay Meanchey | Banteay Meanchey | Agent
BANA021,BANA021,Lay Kimleng,Lay Kimleng,Lay Kimleng,0714497449,0714497449,0316000285,BANP001,Banteay Meanchey,Banteay Meanchey,Agent,Agent,Authorized Dealer/ Authorized Agent,In effect,13.744488,102.962583,BANA021 | Lay Kimleng | Lay Kimleng | 0714497449 | BANP001 | Banteay Meanchey | Banteay Meanchey | Agent
BANA022,BANA022,Banteay Chhmar,Banteay Chhmar,Banteay Chhmar,0888098099,0888098099,0316000285,BANP001,Banteay Meanchey,Banteay Meanchey,Agent,Agent,Authorized Dealer/ Authorized Agent,In effect,14.0704,103.1043,BANA022 | Banteay Chhmar | Banteay Chhmar | 0888098099 | BANP001 | Banteay Meanchey | Banteay Meanchey | Agent
BANP001,BANP001,Serei Saophoan,Serei Saophoan,Serei Saophoan,0316000285,0316000285,0316000285,BANP001,Banteay Meanchey,Banteay Meanchey,Post Office,Post Office,Post office,In effect,13.59572,102.97069,BANP001 | Serei Saophoan | Serei Saophoan | 0316000285 | BANP001 | Banteay Meanchey | Banteay Meanchey | Post Office
BANS001,BANS001,Ou Ambel,Ou Ambel,Ou Ambel,0976868001,0976868001,0316000285,BANP001,Banteay Meanchey,Banteay Meanchey,Showroom,Showroom,Post office,In effect,13.5852101,102.9724208,BANS001 | Ou Ambel | Ou Ambel | 0976868001 | BANP001 | Banteay Meanchey | Banteay Meanchey | Showroom
BANS002,BANS002,Paoy Paet,Paoy Paet,Paoy Paet,0976868001,0976868001,0316000285,BANP001,Banteay Meanchey,Banteay Meanchey,Showroom,Showroom,Post office,In effect,13.65887,102.554344,BANS002 | Paoy Paet | Paoy Paet | 0976868001 | BANP001 | Banteay Meanchey | Banteay Meanchey | Showroom
BANS003,BANS003,Thma Puok,Thma Puok,Thma Puok,0976868003,0976868003,0316000285,BANP001,Banteay Meanchey,Banteay Meanchey,Showroom,Showroom,Post office,In effect,13.9413014,103.049302,BANS003 | Thma Puok | Thma Puok | 0976868003 | BANP001 | Banteay Meanchey | Banteay Meanchey | Showroom
BANS004,BANS004,Srah Chik,Srah Chik,Srah Chik,0976868004,0976868004,0316000285,BANP001,Banteay Meanchey,Banteay Meanchey,Showroom,Showroom,Post office,In effect,13.74387,103.33588,BANS004 | Srah Chik | Srah Chik | 0976868004 | BANP001 | Banteay Meanchey | Banteay Meanchey | Showroom
BATA001,BATA001,Chomkar Somraong,Chomkar Somraong,Chomkar Somraong,092281838,092281838,0972277127,BATP001,Battambang,Battambang,Agent,Agent,Authorized Dealer/ Authorized Agent,In effect,13.129832,103.198146,BATA001 | Chomkar Somraong | Chomkar Somraong | 092281838 | BATP001 | Battambang | Battambang | Agent
BATA002,BATA002,Kampong Prieng,Kampong Prieng,Kampong Prieng,0313804400,0313804400,0972277127,BATP001,Battambang,Battambang,Agent,Agent,Authorized Dealer/ Authorized Agent,In effect,12.9489,103.3383,BATA002 | Kampong Prieng | Kampong Prieng | 0313804400 | BATP001 | Battambang | Battambang | Agent
BATA003,BATA003,Phnum Sampov,Phnum Sampov,Phnum Sampov,0975055550,0975055550,0972277127,BATP001,Battambang,Battambang,Agent,Agent,Authorized Dealer/ Authorized Agent,In effect,13.0296,103.1009,BATA003 | Phnum Sampov | Phnum Sampov | 0975055550 | BATP001 | Battambang | Battambang | Agent
BATA004,BATA004,Vaot Ta Muem 01,Vaot Ta Muem 01,Vaot Ta Muem 01,0889678999,0889678999,0972277127,BATP001,Battambang,Battambang,Agent,Agent,Authorized Dealer/ Authorized Agent,In effect,13.0627,103.2032,BATA004 | Vaot Ta Muem 01 | Vaot Ta Muem 01 | 0889678999 | BATP001 | Battambang | Battambang | Agent
BATA005,BATA005,Tuol Ta Ek,Tuol Ta Ek,Tuol Ta Ek,0977705535,0977705535,0972277127,BATP001,Battambang,Battambang,Agent,Agent,Authorized Dealer/ Authorized Agent,In effect,13.09573,103.190527,BATA005 | Tuol Ta Ek | Tuol Ta Ek | 0977705535 | BATP001 | Battambang | Battambang | Agent
BATA006,BATA006,Moung,Moung,Moung,0976083766,0976083766,0972277127,BATP001,Battambang,Battambang,Agent,Agent,Authorized Dealer/ Authorized Agent,In effect,12.775837,103.448387,BATA006 | Moung | Moung | 0976083766 | BATP001 | Battambang | Battambang | Agent
BATA007,BATA007,Snoeng,Snoeng,Snoeng,0888876795,0888876795,0972277127,BATP001,Battambang,Battambang,Agent,Agent,Authorized Dealer/ Authorized Agent,In effect,12.9784,103.0544,BATA007 | Snoeng | Snoeng | 0888876795 | BATP001 | Battambang | Battambang | Agent
BATA008,BATA008,Vaot Ta Muem 02,Vaot Ta Muem 02,Vaot Ta Muem 02,0712700200,0712700200,0972277127,BATP001,Battambang,Battambang,Agent,Agent,Authorized Dealer/ Authorized Agent,In effect,13.03679,103.20173,BATA008 | Vaot Ta Muem 02 | Vaot Ta Muem 02 | 0712700200 | BATP001 | Battambang | Battambang | Agent
BATA009,BATA009,REM SOCHEA,REM SOCHEA,REM SOCHEA,0889977774,0889977774,0972277127,BATP001,Battambang,Battambang,Agent,Agent,Authorized Dealer/ Authorized Agent,In effect,13.265685,102.945134,BATA009 | REM SOCHEA | REM SOCHEA | 0889977774 | BATP001 | Battambang | Battambang | Agent
BATA010,BATA010,Santepheap,Santepheap,Santepheap,0719596977,0719596977,0972277127,BATP001,Battambang,Battambang,Agent,Agent,Authorized Dealer/ Authorized Agent,In effect,13.432283,102.366176,BATA010 | Santepheap | Santepheap | 0719596977 | BATP001 | Battambang | Battambang | Agent
BATA011,BATA011,Boeng Reang,Boeng Reang,Boeng Reang,067843333,067843333,0972277127,BATP001,Battambang,Battambang,Agent,Agent,Authorized Dealer/ Authorized Agent,In effect,13.087139,102.446107,BATA011 | Boeng Reang | Boeng Reang | 067843333 | BATP001 | Battambang | Battambang | Agent
BATA012,BATA012,Bour,Bour,Bour,0884477766,0884477766,0972277127,BATP001,Battambang,Battambang,Agent,Agent,Authorized Dealer/ Authorized Agent,In effect,13.283736,102.615651,BATA012 | Bour | Bour | 0884477766 | BATP001 | Battambang | Battambang | Agent
BATA013,BATA013,Pech Chenda 01,Pech Chenda 01,Pech Chenda 01,0977878161,0977878161,0972277127,BATP001,Battambang,Battambang,Agent,Agent,Authorized Dealer/ Authorized Agent,In effect,13.222725,102.391644,BATA013 | Pech Chenda 01 | Pech Chenda 01 | 0977878161 | BATP001 | Battambang | Battambang | Agent
BATA014,BATA014,Pech Chenda 02,Pech Chenda 02,Pech Chenda 02,0977777893,0977777893,0972277127,BATP001,Battambang,Battambang,Agent,Agent,Authorized Dealer/ Authorized Agent,In effect,13.2117,102.532803,BATA014 | Pech Chenda 02 | Pech Chenda 02 | 0977777893 | BATP001 | Battambang | Battambang | Agent
BATA015,BATA015,Sdok Pravoek,Sdok Pravoek,Sdok Pravoek,0716709006,0716709006,0972277127,BATP001,Battambang,Battambang,Agent,Agent,Authorized Dealer/ Authorized Agent,In effect,12.603483,103.490935,BATA015 | Sdok Pravoek | Sdok Pravoek | 0716709006 | BATP001 | Battambang | Battambang | Agent
BATA016,BATA016,Ta Kream,Ta Kream,Ta Kream,0717111122,0717111122,0972277127,BATP001,Battambang,Battambang,Agent,Agent,Authorized Dealer/ Authorized Agent,In effect,13.090324,103.023334,BATA016 | Ta Kream | Ta Kream | 0717111122 | BATP001 | Battambang | Battambang | Agent
BATA017,BATA017,Ta Sanh,Ta Sanh,Ta Sanh,0714776666,0714776666,0972277127,BATP001,Battambang,Battambang,Agent,Agent,Authorized Dealer/ Authorized Agent,In effect,12.616636,102.858967,BATA017 | Ta Sanh | Ta Sanh | 0714776666 | BATP001 | Battambang | Battambang | Agent
BATA018,BATA018,Kampong Lpov,Kampong Lpov,Kampong Lpov,066811551,066811551,0972277127,BATP001,Battambang,Battambang,Agent,Agent,Authorized Dealer/ Authorized Agent,In effect,12.543875,102.865274,BATA018 | Kampong Lpov | Kampong Lpov | 066811551 | BATP001 | Battambang | Battambang | Agent
BATA019,BATA019,Traeng,Traeng,Traeng,0714263333,0714263333,0972277127,BATP001,Battambang,Battambang,Agent,Agent,Authorized Dealer/ Authorized Agent,In effect,12.832975,102.894727,BATA019 | Traeng | Traeng | 0714263333 | BATP001 | Battambang | Battambang | Agent
BATA021,BATA021,Preaek Chik,Preaek Chik,Preaek Chik,0719462246,0719462246,0972277127,BATP001,Battambang,Battambang,Agent,Agent,Authorized Dealer/ Authorized Agent,In effect,12.651708,103.396619,BATA021 | Preaek Chik | Preaek Chik | 0719462246 | BATP001 | Battambang | Battambang | Agent
BATA022,BATA022,Bavel,Bavel,Bavel,060244232,060244232,0972277127,BATP001,Battambang,Battambang,Agent,Agent,Authorized Dealer/ Authorized Agent,In effect,13.256093,102.875914,BATA022 | Bavel | Bavel | 060244232 | BATP001 | Battambang | Battambang | Agent
BATA023,BATA023,Chrey,Chrey,Chrey,068444789,068444789,0972277127,BATP001,Battambang,Battambang,Agent,Agent,Authorized Dealer/ Authorized Agent,In effect,13.112873,103.136953,BATA023 | Chrey | Chrey | 068444789 | BATP001 | Battambang | Battambang | Agent
BATA024,BATA024,Boeng Pring,Boeng Pring,Boeng Pring,0719066617,0719066617,0972277127,BATP001,Battambang,Battambang,Agent,Agent,Authorized Dealer/ Authorized Agent,In effect,13.366959,103.034112,BATA024 | Boeng Pring | Boeng Pring | 0719066617 | BATP001 | Battambang | Battambang | Agent
BATA025,BATA025,Ta Pung,Ta Pung,Ta Pung,066864422,066864422,0972277127,BATP001,Battambang,Battambang,Agent,Agent,Authorized Dealer/ Authorized Agent,In effect,13.264179,103.089398,BATA025 | Ta Pung | Ta Pung | 066864422 | BATP001 | Battambang | Battambang | Agent
BATA026,BATA026,Svay Por,Svay Por,Svay Por,0886888897,0886888897,0972277127,BATP001,Battambang,Battambang,Agent,Agent,Authorized Dealer/ Authorized Agent,In effect,13.0859,103.1988,BATA026 | Svay Por | Svay Por | 0886888897 | BATP001 | Battambang | Battambang | Agent
BATA027,BATA027,Ou Ta Ki,Ou Ta Ki,Ou Ta Ki,0318424242,0318424242,0972277127,BATP001,Battambang,Battambang,Agent,Agent,Authorized Dealer/ Authorized Agent,In effect,13.167237,103.112915,BATA027 | Ou Ta Ki | Ou Ta Ki | 0318424242 | BATP001 | Battambang | Battambang | Agent
BATA028,BATA028,Ta Sda,Ta Sda,Ta Sda,0314157888,0314157888,0972277127,BATP001,Battambang,Battambang,Agent,Agent,Authorized Dealer/ Authorized Agent,In effect,13.404488,102.455575,BATA028 | Ta Sda | Ta Sda | 0314157888 | BATP001 | Battambang | Battambang | Agent
BATA029,BATA029,Thipakdei,Thipakdei,Thipakdei,0979928802,0979928802,0972277127,BATP001,Battambang,Battambang,Agent,Agent,Authorized Dealer/ Authorized Agent,In effect,12.856523,103.26872,BATA029 | Thipakdei | Thipakdei | 0979928802 | BATP001 | Battambang | Battambang | Agent
BATA030,BATA030,Prey Svay,Prey Svay,Prey Svay,0319992324,0319992324,0972277127,BATP001,Battambang,Battambang,Agent,Agent,Authorized Dealer/ Authorized Agent,In effect,12.713477,103.544657,BATA030 | Prey Svay | Prey Svay | 0319992324 | BATP001 | Battambang | Battambang | Agent
BATA032,BATA032,Sdau,Sdau,Sdau,0886384445,0886384445,0972277127,BATP001,Battambang,Battambang,Agent,Agent,Authorized Dealer/ Authorized Agent,In effect,12.891503,102.973863,BATA032 | Sdau | Sdau | 0886384445 | BATP001 | Battambang | Battambang | Agent
BATA033,BATA033,Ampil Pram Daeum,Ampil Pram Daeum,Ampil Pram Daeum,0886666033,0886666033,0972277127,BATP001,Battambang,Battambang,Agent,Agent,Authorized Dealer/ Authorized Agent,In effect,13.260059,102.767866,BATA033 | Ampil Pram Daeum | Ampil Pram Daeum | 0886666033 | BATP001 | Battambang | Battambang | Agent
BATA034,BATA034,Ou Char,Ou Char,Ou Char,090471804,090471804,0972277127,BATP001,Battambang,Battambang,Agent,Agent,Authorized Dealer/ Authorized Agent,In effect,13.1076,103.1755,BATA034 | Ou Char | Ou Char | 090471804 | BATP001 | Battambang | Battambang | Agent
BATA035,BATA035,Anlung Vil,Anlung Vil,Anlung Vil,0718525353,0718525353,0972277127,BATP001,Battambang,Battambang,Agent,Agent,Authorized Dealer/ Authorized Agent,In effect,13.0624,103.2563,BATA035 | Anlung Vil | Anlung Vil | 0718525353 | BATP001 | Battambang | Battambang | Agent
BATA036,BATA036,Vaot Ta Muem,Vaot Ta Muem,Vaot Ta Muem,0889595557,0889595557,0972277127,BATP001,Battambang,Battambang,Agent,Agent,Authorized Dealer/ Authorized Agent,In effect,13.01234,103.187065,BATA036 | Vaot Ta Muem | Vaot Ta Muem | 0889595557 | BATP001 | Battambang | Battambang | Agent
BATA037,BATA037,Peam Aek,Peam Aek,Peam Aek,0973366686,0973366686,0972277127,BATP001,Battambang,Battambang,Agent,Agent,Authorized Dealer/ Authorized Agent,In effect,13.161,103.2086,BATA037 | Peam Aek | Peam Aek | 0973366686 | BATP001 | Battambang | Battambang | Agent
BATA038,BATA038,Prey Khpos,Prey Khpos,Prey Khpos,0979676228,0979676228,0972277127,BATP001,Battambang,Battambang,Agent,Agent,Authorized Dealer/ Authorized Agent,In effect,13.347834,102.905611,BATA038 | Prey Khpos | Prey Khpos | 0979676228 | BATP001 | Battambang | Battambang | Agent
BATA039,BATA039,Mukh Rea,Mukh Rea,Mukh Rea,0979655007,0979655007,0972277127,BATP001,Battambang,Battambang,Agent,Agent,Authorized Dealer/ Authorized Agent,In effect,12.77559,103.448243,BATA039 | Mukh Rea | Mukh Rea | 0979655007 | BATP001 | Battambang | Battambang | Agent
BATA040,BATA040,Prek Preah Sdach,Prek Preah Sdach,Prek Preah Sdach,0718378888,0718378888,0972277127,BATP001,Battambang,Battambang,Agent,Agent,Authorized Dealer/ Authorized Agent,In effect,13.0887,103.2127,BATA040 | Prek Preah Sdach | Prek Preah Sdach | 0718378888 | BATP001 | Battambang | Battambang | Agent
BATA041,BATA041,Moung Ruessei,Moung Ruessei,Moung Ruessei,0965244331,0965244331,0972277127,BATP001,Battambang,Battambang,Agent,Agent,Authorized Dealer/ Authorized Agent,In effect,12.903065,103.3680416,BATA041 | Moung Ruessei | Moung Ruessei | 0965244331 | BATP001 | Battambang | Battambang | Agent
BATA042,BATA042,Sreng Koemlong,Sreng Koemlong,Sreng Koemlong,0979542413,0979542413,0972277127,BATP001,Battambang,Battambang,Agent,Agent,Authorized Dealer/ Authorized Agent,In effect,12.69947,103.57496,BATA042 | Sreng Koemlong | Sreng Koemlong | 0979542413 | BATP001 | Battambang | Battambang | Agent
BATP001,BATP001,Battambang,Battambang,Battambang,0972277127,0972277127,0972277127,BATP001,Battambang,Battambang,Post Office,Post Office,Post office,In effect,13.106159,103.195737,BATP001 | Battambang | Battambang | 0972277127 | BATP001 | Battambang | Battambang | Post Office
BATS001,BATS001,Tuol Ta Ek,Tuol Ta Ek,Tuol Ta Ek,0972282257,0972282257,0972277127,BATP001,Battambang,Battambang,Showroom,Showroom,Post office,Out of effect,13.095671,103.190739,BATS001 | Tuol Ta Ek | Tuol Ta Ek | 0972282257 | BATP001 | Battambang | Battambang | Showroom
BATS002,BATS002,Ta Pung,Ta Pung,Ta Pung,0888894466,0888894466,0972277127,BATP001,Battambang,Battambang,Showroom,Showroom,Post office,Out of effect,13.269928,103.089933,BATS002 | Ta Pung | Ta Pung | 0888894466 | BATP001 | Battambang | Battambang | Showroom
BATS003,BATS003,Boeng Reang,Boeng Reang,Boeng Reang,0972277127,0972277127,0972277127,BATP001,Battambang,Battambang,Showroom,Showroom,Post office,Out of effect,13.088761,102.445678,BATS003 | Boeng Reang | Boeng Reang | 0972277127 | BATP001 | Battambang | Battambang | Showroom
BATS004,BATS004,Santepheap,Santepheap,Santepheap,0972277127,0972277127,0972277127,BATP001,Battambang,Battambang,Showroom,Showroom,Post office,Out of effect,13.431886,102.376649,BATS004 | Santepheap | Santepheap | 0972277127 | BATP001 | Battambang | Battambang | Showroom
BATS005,BATS005,Sdau,Sdau,Sdau,068444789,068444789,0972277127,BATP001,Battambang,Battambang,Showroom,Showroom,Post office,Out of effect,12.892662,102.97397,BATS005 | Sdau | Sdau | 068444789 | BATP001 | Battambang | Battambang | Showroom
BATS006,BATS006,Bavel,Bavel,Bavel,090929939,090929939,0972277127,BATP001,Battambang,Battambang,Showroom,Showroom,Post office,Out of effect,13.25407,102.873046,BATS006 | Bavel | Bavel | 090929939 | BATP001 | Battambang | Battambang | Showroom
BATS007,BATS007,Moung,Moung,Moung,0885676516,0885676516,0972277127,BATP001,Battambang,Battambang,Showroom,Showroom,Post office,In effect,12.775514,103.447784,BATS007 | Moung | Moung | 0885676516 | BATP001 | Battambang | Battambang | Showroom
BATS008,BATS008,Sdau,Sdau,Sdau,0972277127,0972277127,0972277127,BATP001,Battambang,Battambang,Showroom,Showroom,Post office,Out of effect,12.5333,102.5826,BATS008 | Sdau | Sdau | 0972277127 | BATP001 | Battambang | Battambang | Showroom
CHAA001,CHAA001,Peam Prathnuoh,Peam Prathnuoh,Peam Prathnuoh,0888664145,0888664145,067981954,CHAP001,Kampong Cham,Kampong Cham,Agent,Agent,Authorized Dealer/ Authorized Agent,In effect,11.892662,105.428499,CHAA001 | Peam Prathnuoh | Peam Prathnuoh | 0888664145 | CHAP001 | Kampong Cham | Kampong Cham | Agent
CHAA002,CHAA002,Chrey Vien,Chrey Vien,Chrey Vien,067665432,067665432,067981954,CHAP001,Kampong Cham,Kampong Cham,Agent,Agent,Authorized Dealer/ Authorized Agent,In effect,12.058398,105.257688,CHAA002 | Chrey Vien | Chrey Vien | 067665432 | CHAP001 | Kampong Cham | Kampong Cham | Agent
CHAA003,CHAA003,Kor,Kor,Kor,066666642,066666642,067981954,CHAP001,Kampong Cham,Kampong Cham,Agent,Agent,Authorized Dealer/ Authorized Agent,In effect,12.11317,105.21706,CHAA003 | Kor | Kor | 066666642 | CHAP001 | Kampong Cham | Kampong Cham | Agent
CHAA004,CHAA004,Sandaek,Sandaek,Sandaek,0886341117,0886341117,067981954,CHAP001,Kampong Cham,Kampong Cham,Agent,Agent,Authorized Dealer/ Authorized Agent,In effect,12.123065,104.970836,CHAA004 | Sandaek | Sandaek | 0886341117 | CHAP001 | Kampong Cham | Kampong Cham | Agent
CHAA005,CHAA005,Me Sar Chrey,Me Sar Chrey,Me Sar Chrey,060373336,060373336,067981954,CHAP001,Kampong Cham,Kampong Cham,Agent,Agent,Authorized Dealer/ Authorized Agent,In effect,12.29968,105.419272,CHAA005 | Me Sar Chrey | Me Sar Chrey | 060373336 | CHAP001 | Kampong Cham | Kampong Cham | Agent
CHAA006,CHAA006,Peam Chi Kang,Peam Chi Kang,Peam Chi Kang,0979008412,0979008412,067981954,CHAP001,Kampong Cham,Kampong Cham,Agent,Agent,Authorized Dealer/ Authorized Agent,In effect,11.946622,105.247515,CHAA006 | Peam Chi Kang | Peam Chi Kang | 0979008412 | CHAP001 | Kampong Cham | Kampong Cham | Agent
CHAA007,CHAA007,Ta Prok,Ta Prok,Ta Prok,0714862222,0714862222,067981954,CHAP001,Kampong Cham,Kampong Cham,Agent,Agent,Authorized Dealer/ Authorized Agent,In effect,12.376818,105.222342,CHAA007 | Ta Prok | Ta Prok | 0714862222 | CHAP001 | Kampong Cham | Kampong Cham | Agent
CHAA008,CHAA008,Thma Pun,Thma Pun,Thma Pun,0313100028,0313100028,067981954,CHAP001,Kampong Cham,Kampong Cham,Agent,Agent,Authorized Dealer/ Authorized Agent,In effect,12.162685,105.246162,CHAA008 | Thma Pun | Thma Pun | 0313100028 | CHAP001 | Kampong Cham | Kampong Cham | Agent
CHAA009,CHAA009,Tang Krang,Tang Krang,Tang Krang,0716601215,0716601215,067981954,CHAP001,Kampong Cham,Kampong Cham,Agent,Agent,Authorized Dealer/ Authorized Agent,In effect,11.885387,104.935627,CHAA009 | Tang Krang | Tang Krang | 0716601215 | CHAP001 | Kampong Cham | Kampong Cham | Agent
CHAA010,CHAA010,Bos Khnor,Bos Khnor,Bos Khnor,0717774841,0717774841,067981954,CHAP001,Kampong Cham,Kampong Cham,Agent,Agent,Authorized Dealer/ Authorized Agent,In effect,12.180892,105.322863,CHAA010 | Bos Khnor | Bos Khnor | 0717774841 | CHAP001 | Kampong Cham | Kampong Cham | Agent
CHAA011,CHAA011,Lvea,Lvea,Lvea,0319621863,0319621863,067981954,CHAP001,Kampong Cham,Kampong Cham,Agent,Agent,Authorized Dealer/ Authorized Agent,In effect,12.057856,105.181435,CHAA011 | Lvea | Lvea | 0319621863 | CHAP001 | Kampong Cham | Kampong Cham | Agent
CHAA012,CHAA012,Khvet Thum,Khvet Thum,Khvet Thum,0976561888,0976561888,067981954,CHAP001,Kampong Cham,Kampong Cham,Agent,Agent,Authorized Dealer/ Authorized Agent,In effect,12.059258,105.211236,CHAA012 | Khvet Thum | Khvet Thum | 0976561888 | CHAP001 | Kampong Cham | Kampong Cham | Agent
CHAA013,CHAA013,Chealea,Chealea,Chealea,0977713334,0977713334,067981954,CHAP001,Kampong Cham,Kampong Cham,Agent,Agent,Authorized Dealer/ Authorized Agent,In effect,11.9945,104.9433,CHAA013 | Chealea | Chealea | 0977713334 | CHAP001 | Kampong Cham | Kampong Cham | Agent
CHAA014,CHAA014,Batheay,Batheay,Batheay,0716363168,0716363168,067981954,CHAP001,Kampong Cham,Kampong Cham,Agent,Agent,Authorized Dealer/ Authorized Agent,In effect,12.027384,104.962943,CHAA014 | Batheay | Batheay | 0716363168 | CHAP001 | Kampong Cham | Kampong Cham | Agent
CHAA015,CHAA015,Soutib,Soutib,Soutib,0979431314,0979431314,067981954,CHAP001,Kampong Cham,Kampong Cham,Agent,Agent,Authorized Dealer/ Authorized Agent,In effect,12.05615,105.074797,CHAA015 | Soutib | Soutib | 0979431314 | CHAP001 | Kampong Cham | Kampong Cham | Agent
CHAA016,CHAA016,Veal Vung,Veal Vung,Veal Vung,0718010101,0718010101,067981954,CHAP001,Kampong Cham,Kampong Cham,Agent,Agent,Authorized Dealer/ Authorized Agent,In effect,11.979458,105.458557,CHAA016 | Veal Vung | Veal Vung | 0718010101 | CHAP001 | Kampong Cham | Kampong Cham | Agent
CHAA017,CHAA017,Areak Tnaot,Areak Tnaot,Areak Tnaot,0973399000,0973399000,067981954,CHAP001,Kampong Cham,Kampong Cham,Agent,Agent,Authorized Dealer/ Authorized Agent,In effect,12.362246,105.587401,CHAA017 | Areak Tnaot | Areak Tnaot | 0973399000 | CHAP001 | Kampong Cham | Kampong Cham | Agent
CHAA018,CHAA018,Kampong Cham,Kampong Cham,Kampong Cham,0974128678,0974128678,067981954,CHAP001,Kampong Cham,Kampong Cham,Agent,Agent,Authorized Dealer/ Authorized Agent,In effect,11.991004,105.466677,CHAA018 | Kampong Cham | Kampong Cham | 0974128678 | CHAP001 | Kampong Cham | Kampong Cham | Agent
CHAA019,CHAA019,Roka Koy,Roka Koy,Roka Koy,0977644227,0977644227,067981954,CHAP001,Kampong Cham,Kampong Cham,Agent,Agent,Authorized Dealer/ Authorized Agent,In effect,11.9412,105.3009,CHAA019 | Roka Koy | Roka Koy | 0977644227 | CHAP001 | Kampong Cham | Kampong Cham | Agent
CHAA020,CHAA020,Hanchey,Hanchey,Hanchey,0713333612,0713333612,067981954,CHAP001,Kampong Cham,Kampong Cham,Agent,Agent,Authorized Dealer/ Authorized Agent,In effect,12.1363,105.5264,CHAA020 | Hanchey | Hanchey | 0713333612 | CHAP001 | Kampong Cham | Kampong Cham | Agent
CHAA021,CHAA021,Svay Pou,Svay Pou,Svay Pou,068536475,068536475,067981954,CHAP001,Kampong Cham,Kampong Cham,Agent,Agent,Authorized Dealer/ Authorized Agent,In effect,11.780832,105.081073,CHAA021 | Svay Pou | Svay Pou | 068536475 | CHAP001 | Kampong Cham | Kampong Cham | Agent
CHAA022,CHAA022,Preak Kak,Preak Kak,Preak Kak,0888855293,0888855293,067981954,CHAP001,Kampong Cham,Kampong Cham,Agent,Agent,Authorized Dealer/ Authorized Agent,In effect,12.258039,105.533665,CHAA022 | Preak Kak | Preak Kak | 0888855293 | CHAP001 | Kampong Cham | Kampong Cham | Agent
CHAA023,CHAA023,Preak Rumdeng,Preak Rumdeng,Preak Rumdeng,0884421662,0884421662,067981954,CHAP001,Kampong Cham,Kampong Cham,Agent,Agent,Authorized Dealer/ Authorized Agent,In effect,11.9178,105.23044,CHAA023 | Preak Rumdeng | Preak Rumdeng | 0884421662 | CHAP001 | Kampong Cham | Kampong Cham | Agent
CHAA024,CHAA024,Tumnob,Tumnob,Tumnob,090999000,090999000,067981954,CHAP001,Kampong Cham,Kampong Cham,Agent,Agent,Authorized Dealer/ Authorized Agent,In effect,12.080426,104.975446,CHAA024 | Tumnob | Tumnob | 090999000 | CHAP001 | Kampong Cham | Kampong Cham | Agent
CHAA025,CHAA025,Lom Hae,Lom Hae,Lom Hae,0977865168,0977865168,067981954,CHAP001,Kampong Cham,Kampong Cham,Agent,Agent,Authorized Dealer/ Authorized Agent,In effect,11.992734,105.451041,CHAA025 | Lom Hae | Lom Hae | 0977865168 | CHAP001 | Kampong Cham | Kampong Cham | Agent
CHAP001,CHAP001,Kampong Cham,Kampong Cham,Kampong Cham,0979026168,0979026168,067981954,CHAP001,Kampong Cham,Kampong Cham,Post Office,Post Office,Post office,In effect,11.989084,105.462284,CHAP001 | Kampong Cham | Kampong Cham | 0979026168 | CHAP001 | Kampong Cham | Kampong Cham | Post Office
CHAS001,CHAS001,Veal Vung,Veal Vung,Veal Vung,0884531122,0884531122,067981954,CHAP001,Kampong Cham,Kampong Cham,Showroom,Showroom,Post office,In effect,11.989346,105.458567,CHAS001 | Veal Vung | Veal Vung | 0884531122 | CHAP001 | Kampong Cham | Kampong Cham | Showroom
CHAS002,CHAS002,Preak Kak,Preak Kak,Preak Kak,0718040003,0718040003,067981954,CHAP001,Kampong Cham,Kampong Cham,Showroom,Showroom,Post office,In effect,12.255298,105.539182,CHAS002 | Preak Kak | Preak Kak | 0718040003 | CHAP001 | Kampong Cham | Kampong Cham | Showroom
CHAS003,CHAS003,Soutib,Soutib,Soutib,0977310368,0977310368,067981954,CHAP001,Kampong Cham,Kampong Cham,Showroom,Showroom,Post office,In effect,12.053318,105.056898,CHAS003 | Soutib | Soutib | 0977310368 | CHAP001 | Kampong Cham | Kampong Cham | Showroom
CHAS004,CHAS004,Chrey Vien,Chrey Vien,Chrey Vien,060958251,060958251,067981954,CHAP001,Kampong Cham,Kampong Cham,Showroom,Showroom,Post office,In effect,12.057873,105.247003,CHAS004 | Chrey Vien | Chrey Vien | 060958251 | CHAP001 | Kampong Cham | Kampong Cham | Showroom
CHAS005,CHAS005,Svay Teab,Svay Teab,Svay Teab,0978122251,0978122251,067981954,CHAP001,Kampong Cham,Kampong Cham,Showroom,Showroom,Post office,In effect,12.3140397,105.2777613,CHAS005 | Svay Teab | Svay Teab | 0978122251 | CHAP001 | Kampong Cham | Kampong Cham | Showroom
CHHA001,CHHA001,Ou Ruessei 01,Ou Ruessei 01,Ou Ruessei 01,0979256868,0979256868,0978887079,CHHP001,Kampong Chhnang,Kampong Chhnang,Agent,Agent,Authorized Dealer/ Authorized Agent,In effect,11.939555,104.714322,CHHA001 | Ou Ruessei 01 | Ou Ruessei 01 | 0979256868 | CHHP001 | Kampong Chhnang | Kampong Chhnang | Agent
CHHA002,CHHA002,Pongro,Pongro,Pongro,0882356429,0882356429,0978887079,CHHP001,Kampong Chhnang,Kampong Chhnang,Agent,Agent,Authorized Dealer/ Authorized Agent,In effect,12.257837,104.660942,CHHA002 | Pongro | Pongro | 0882356429 | CHHP001 | Kampong Chhnang | Kampong Chhnang | Agent
CHHA003,CHHA003,Ou Ruessei 02,Ou Ruessei 02,Ou Ruessei 02,068519717,068519717,0978887079,CHHP001,Kampong Chhnang,Kampong Chhnang,Agent,Agent,Authorized Dealer/ Authorized Agent,In effect,11.9517,104.7185,CHHA003 | Ou Ruessei 02 | Ou Ruessei 02 | 068519717 | CHHP001 | Kampong Chhnang | Kampong Chhnang | Agent
CHHA004,CHHA004,Saeb,Saeb,Saeb,0974989014,0974989014,0978887079,CHHP001,Kampong Chhnang,Kampong Chhnang,Agent,Agent,Authorized Dealer/ Authorized Agent,In effect,12.0705,104.773,CHHA004 | Saeb | Saeb | 0974989014 | CHHP001 | Kampong Chhnang | Kampong Chhnang | Agent
CHHA005,CHHA005,Peani,Peani,Peani,0885871084,0885871084,0978887079,CHHP001,Kampong Chhnang,Kampong Chhnang,Agent,Agent,Authorized Dealer/ Authorized Agent,In effect,11.9234,104.7013,CHHA005 | Peani | Peani | 0885871084 | CHHP001 | Kampong Chhnang | Kampong Chhnang | Agent
CHHA006,CHHA006,Ta Ches,Ta Ches,Ta Ches,0314443535,0314443535,0978887079,CHHP001,Kampong Chhnang,Kampong Chhnang,Agent,Agent,Authorized Dealer/ Authorized Agent,In effect,12.236991,104.669291,CHHA006 | Ta Ches | Ta Ches | 0314443535 | CHHP001 | Kampong Chhnang | Kampong Chhnang | Agent
CHHA007,CHHA007,Prey Kri 01,Prey Kri 01,Prey Kri 01,0715975858,0715975858,0978887079,CHHP001,Kampong Chhnang,Kampong Chhnang,Agent,Agent,Authorized Dealer/ Authorized Agent,In effect,12.164788,104.881038,CHHA007 | Prey Kri 01 | Prey Kri 01 | 0715975858 | CHHP001 | Kampong Chhnang | Kampong Chhnang | Agent
CHHA008,CHHA008,Peam Chhkaok,Peam Chhkaok,Peam Chhkaok,0718431010,0718431010,0978887079,CHHP001,Kampong Chhnang,Kampong Chhnang,Agent,Agent,Authorized Dealer/ Authorized Agent,In effect,12.207648,104.816967,CHHA008 | Peam Chhkaok | Peam Chhkaok | 0718431010 | CHHP001 | Kampong Chhnang | Kampong Chhnang | Agent
CHHA009,CHHA009,Krang Skear,Krang Skear,Krang Skear,0712847871,0712847871,0978887079,CHHP001,Kampong Chhnang,Kampong Chhnang,Agent,Agent,Authorized Dealer/ Authorized Agent,In effect,12.238376,104.278047,CHHA009 | Krang Skear | Krang Skear | 0712847871 | CHHP001 | Kampong Chhnang | Kampong Chhnang | Agent
CHHA010,CHHA010,Chhnok Tru,Chhnok Tru,Chhnok Tru,0883322881,0883322881,0978887079,CHHP001,Kampong Chhnang,Kampong Chhnang,Agent,Agent,Authorized Dealer/ Authorized Agent,In effect,12.50071,104.4547,CHHA010 | Chhnok Tru | Chhnok Tru | 0883322881 | CHHP001 | Kampong Chhnang | Kampong Chhnang | Agent
CHHA011,CHHA011,Svay Chrum,Svay Chrum,Svay Chrum,0716555440,0716555440,0978887079,CHHP001,Kampong Chhnang,Kampong Chhnang,Agent,Agent,Authorized Dealer/ Authorized Agent,In effect,12.279551,104.591655,CHHA011 | Svay Chrum | Svay Chrum | 0716555440 | CHHP001 | Kampong Chhnang | Kampong Chhnang | Agent
CHHA012,CHHA012,Trangel,Trangel,Trangel,0718488815,0718488815,0978887079,CHHP001,Kampong Chhnang,Kampong Chhnang,Agent,Agent,Authorized Dealer/ Authorized Agent,In effect,12.2854,104.729588,CHHA012 | Trangel | Trangel | 0718488815 | CHHP001 | Kampong Chhnang | Kampong Chhnang | Agent
CHHA013,CHHA013,Phsar,Phsar,Phsar,0979474183,0979474183,0978887079,CHHP001,Kampong Chhnang,Kampong Chhnang,Agent,Agent,Authorized Dealer/ Authorized Agent,In effect,12.381489,104.487486,CHHA013 | Phsar | Phsar | 0979474183 | CHHP001 | Kampong Chhnang | Kampong Chhnang | Agent
CHHA014,CHHA014,Krang Leav,Krang Leav,Krang Leav,0979588987,0979588987,0978887079,CHHP001,Kampong Chhnang,Kampong Chhnang,Agent,Agent,Authorized Dealer/ Authorized Agent,In effect,12.26828,104.610975,CHHA014 | Krang Leav | Krang Leav | 0979588987 | CHHP001 | Kampong Chhnang | Kampong Chhnang | Agent
CHHA015,CHHA015,Chrey Bak,Chrey Bak,Chrey Bak,0883444423,0883444423,0978887079,CHHP001,Kampong Chhnang,Kampong Chhnang,Agent,Agent,Authorized Dealer/ Authorized Agent,In effect,12.198668,104.653831,CHHA015 | Chrey Bak | Chrey Bak | 0883444423 | CHHP001 | Kampong Chhnang | Kampong Chhnang | Agent
CHHA016,CHHA016,Chieb,Chieb,Chieb,090649635,090649635,0978887079,CHHP001,Kampong Chhnang,Kampong Chhnang,Agent,Agent,Authorized Dealer/ Authorized Agent,In effect,12.257837,104.660942,CHHA016 | Chieb | Chieb | 090649635 | CHHP001 | Kampong Chhnang | Kampong Chhnang | Agent
CHHA017,CHHA017,Prey Kri 02,Prey Kri 02,Prey Kri 02,0975686565,0975686565,0978887079,CHHP001,Kampong Chhnang,Kampong Chhnang,Agent,Agent,Authorized Dealer/ Authorized Agent,In effect,12.257837,104.660942,CHHA017 | Prey Kri 02 | Prey Kri 02 | 0975686565 | CHHP001 | Kampong Chhnang | Kampong Chhnang | Agent
CHHA018,CHHA018,Rolea B'ier,Rolea B'ier,Rolea B'ier,067334452,067334452,0978887079,CHHP001,Kampong Chhnang,Kampong Chhnang,Agent,Agent,Authorized Dealer/ Authorized Agent,In effect,12.236872,104.669272,CHHA018 | Rolea B'ier | Rolea B'ier | 067334452 | CHHP001 | Kampong Chhnang | Kampong Chhnang | Agent
CHHA019,CHHA019,Kampong Chhnang,Kampong Chhnang,Kampong Chhnang,0977267266,0977267266,0978887079,CHHP001,Kampong Chhnang,Kampong Chhnang,Agent,Agent,Authorized Dealer/ Authorized Agent,In effect,12.246661,104.671258,CHHA019 | Kampong Chhnang | Kampong Chhnang | 0977267266 | CHHP001 | Kampong Chhnang | Kampong Chhnang | Agent
CHHA020,CHHA020,Krang Lvea,Krang Lvea,Krang Lvea,0887676940,0887676940,0978887079,CHHP001,Kampong Chhnang,Kampong Chhnang,Agent,Agent,Authorized Dealer/ Authorized Agent,In effect,11.973961,104.561273,CHHA020 | Krang Lvea | Krang Lvea | 0887676940 | CHHP001 | Kampong Chhnang | Kampong Chhnang | Agent
CHHA021,CHHA021,Lungveaek,Lungveaek,Lungveaek,0889988927,0889988927,0978887079,CHHP001,Kampong Chhnang,Kampong Chhnang,Agent,Agent,Authorized Dealer/ Authorized Agent,In effect,11.889892,104.708955,CHHA021 | Lungveaek | Lungveaek | 0889988927 | CHHP001 | Kampong Chhnang | Kampong Chhnang | Agent
CHHA022,CHHA022,B'er,B'er,B'er,0314892168,0314892168,0978887079,CHHP001,Kampong Chhnang,Kampong Chhnang,Agent,Agent,Authorized Dealer/ Authorized Agent,In effect,12.257863,104.660945,CHHA022 | B'er | B'er | 0314892168 | CHHP001 | Kampong Chhnang | Kampong Chhnang | Agent
CHHA023,CHHA023,Rolea Bier,Rolea Bier,Rolea Bier,0976688782,0976688782,0978887079,CHHP001,Kampong Chhnang,Kampong Chhnang,Agent,Agent,Authorized Dealer/ Authorized Agent,In effect,12.166712,104.66471,CHHA023 | Rolea Bier | Rolea Bier | 0976688782 | CHHP001 | Kampong Chhnang | Kampong Chhnang | Agent
CHHA024,CHHA024,Phsar Trach,Phsar Trach,Phsar Trach,0974446307,0974446307,0978887079,CHHP001,Kampong Chhnang,Kampong Chhnang,Agent,Agent,Authorized Dealer/ Authorized Agent,In effect,11.840042,104.716812,CHHA024 | Phsar Trach | Phsar Trach | 0974446307 | CHHP001 | Kampong Chhnang | Kampong Chhnang | Agent
CHHP001,CHHP001,Kampong Chhnang,Kampong Chhnang,Kampong Chhnang,0978887079,0978887079,0978887079,CHHP001,Kampong Chhnang,Kampong Chhnang,Post Office,Post Office,Post office,In effect,12.259851,104.67255,CHHP001 | Kampong Chhnang | Kampong Chhnang | 0978887079 | CHHP001 | Kampong Chhnang | Kampong Chhnang | Post Office
CHHS001,CHHS001,Kampong Chhnang,Kampong Chhnang,Kampong Chhnang,0882464009,0882464009,0978887079,CHHP001,Kampong Chhnang,Kampong Chhnang,Showroom,Showroom,Post office,In effect,12.2529466,104.6681428,CHHS001 | Kampong Chhnang | Kampong Chhnang | 0882464009 | CHHP001 | Kampong Chhnang | Kampong Chhnang | Showroom
CHHS002,CHHS002,Peani,Peani,Peani,0978887079,0978887079,0978887079,CHHP001,Kampong Chhnang,Kampong Chhnang,Showroom,Showroom,Post office,In effect,11.9371944,104.7135,CHHS002 | Peani | Peani | 0978887079 | CHHP001 | Kampong Chhnang | Kampong Chhnang | Showroom
KAMTEST01,KAMTEST01,Ankor Chey,Ankor Chey,Ankor Chey,,,0979758982,CNCNTT,Công nghệ thông tin,Công nghệ thông tin,Post Office,Post Office,Post office,Out of effect,,,KAMTEST01 | Ankor Chey | Ankor Chey | CNCNTT | Công nghệ thông tin | Công nghệ thông tin | Post Office
KAMA001,KAMA001,Banteay Meas Khang Kaeut,Banteay Meas Khang Kaeut,Banteay Meas Khang Kaeut,0712030403,0712030403,0979758982,KAMP001,Kampot,Kampot,Agent,Agent,Authorized Dealer/ Authorized Agent,In effect,10.646252,104.655786,KAMA001 | Banteay Meas Khang Kaeut | Banteay Meas Khang Kaeut | 0712030403 | KAMP001 | Kampot | Kampot | Agent
KAMA002,KAMA002,Tnoat Chong Srang,Tnoat Chong Srang,Tnoat Chong Srang,0885966105,0885966105,0979758982,KAMP001,Kampot,Kampot,Agent,Agent,Authorized Dealer/ Authorized Agent,In effect,10.590003,104.690418,KAMA002 | Tnoat Chong Srang | Tnoat Chong Srang | 0885966105 | KAMP001 | Kampot | Kampot | Agent
KAMA003,KAMA003,Preaek Kroes,Preaek Kroes,Preaek Kroes,0974442111,0974442111,0979758982,KAMP001,Kampot,Kampot,Agent,Agent,Authorized Dealer/ Authorized Agent,In effect,10.540408,104.580345,KAMA003 | Preaek Kroes | Preaek Kroes | 0974442111 | KAMP001 | Kampot | Kampot | Agent
KAMA005,KAMA005,Chhuk 01,Chhuk 01,Chhuk 01,060925556,060925556,0979758982,KAMP001,Kampot,Kampot,Agent,Agent,Authorized Dealer/ Authorized Agent,In effect,10.766813,104.495433,KAMA005 | Chhuk 01 | Chhuk 01 | 060925556 | KAMP001 | Kampot | Kampot | Agent
KAMA006,KAMA006,KEP,KEP,KEP,067872737,067872737,0979758982,KAMP001,Kampot,Kampot,Agent,Agent,Authorized Dealer/ Authorized Agent,In effect,105.59244,104.3895,KAMA006 | KEP | KEP | 067872737 | KAMP001 | Kampot | Kampot | Agent
KAMA007,KAMA007,Phnum Kong,Phnum Kong,Phnum Kong,090855599,090855599,0979758982,KAMP001,Kampot,Kampot,Agent,Agent,Authorized Dealer/ Authorized Agent,In effect,10.774704,104.663157,KAMA007 | Phnum Kong | Phnum Kong | 090855599 | KAMP001 | Kampot | Kampot | Agent
KAMA008,KAMA008,Lbaeuk,Lbaeuk,Lbaeuk,0979907211,0979907211,0979758982,KAMP001,Kampot,Kampot,Agent,Agent,Authorized Dealer/ Authorized Agent,In effect,10.826849,104.372241,KAMA008 | Lbaeuk | Lbaeuk | 0979907211 | KAMP001 | Kampot | Kampot | Agent
KAMA009,KAMA009,Dang Tung 01,Dang Tung 01,Dang Tung 01,0719709797,0719709797,0979758982,KAMP001,Kampot,Kampot,Agent,Agent,Authorized Dealer/ Authorized Agent,In effect,10.769814,104.373538,KAMA009 | Dang Tung 01 | Dang Tung 01 | 0719709797 | KAMP001 | Kampot | Kampot | Agent
KAMA010,KAMA010,Koun Sat,Koun Sat,Koun Sat,0973398687,0973398687,0979758982,KAMP001,Kampot,Kampot,Agent,Agent,Authorized Dealer/ Authorized Agent,In effect,10.601968,104.279321,KAMA010 | Koun Sat | Koun Sat | 0973398687 | KAMP001 | Kampot | Kampot | Agent
KAMA011,KAMA011,Chhuk 02,Chhuk 02,Chhuk 02,0888884413,0888884413,0979758982,KAMP001,Kampot,Kampot,Agent,Agent,Authorized Dealer/ Authorized Agent,In effect,10.833158,104.450881,KAMA011 | Chhuk 02 | Chhuk 02 | 0888884413 | KAMP001 | Kampot | Kampot | Agent
KAMA012,KAMA012,Kaoh Touch,Kaoh Touch,Kaoh Touch,0977336660,0977336660,0979758982,KAMP001,Kampot,Kampot,Agent,Agent,Authorized Dealer/ Authorized Agent,In effect,10.559037,104.083316,KAMA012 | Kaoh Touch | Kaoh Touch | 0977336660 | KAMP001 | Kampot | Kampot | Agent
KAMA013,KAMA013,Trapeang Reang,Trapeang Reang,Trapeang Reang,0718084499,0718084499,0979758982,KAMP001,Kampot,Kampot,Agent,Agent,Authorized Dealer/ Authorized Agent,In effect,10.922155,104.423925,KAMA013 | Trapeang Reang | Trapeang Reang | 0718084499 | KAMP001 | Kampot | Kampot | Agent
KAMA014,KAMA014,Dang Tung 02,Dang Tung 02,Dang Tung 02,066647864,066647864,0979758982,KAMP001,Kampot,Kampot,Agent,Agent,Authorized Dealer/ Authorized Agent,In effect,10.70057,104.44922,KAMA014 | Dang Tung 02 | Dang Tung 02 | 066647864 | KAMP001 | Kampot | Kampot | Agent
KAMA015,KAMA015,Preaek Tnaot 01,Preaek Tnaot 01,Preaek Tnaot 01,0978107007,0978107007,0979758982,KAMP001,Kampot,Kampot,Agent,Agent,Authorized Dealer/ Authorized Agent,In effect,10.578851,103.993994,KAMA015 | Preaek Tnaot 01 | Preaek Tnaot 01 | 0978107007 | KAMP001 | Kampot | Kampot | Agent
KAMA016,KAMA016,Prey Thnang,Prey Thnang,Prey Thnang,0883230032,0883230032,0979758982,KAMP001,Kampot,Kampot,Agent,Agent,Authorized Dealer/ Authorized Agent,In effect,10.69138,104.253991,KAMA016 | Prey Thnang | Prey Thnang | 0883230032 | KAMP001 | Kampot | Kampot | Agent
KAMA017,KAMA017,Trapeang Sangkae,Trapeang Sangkae,Trapeang Sangkae,066365170,066365170,0979758982,KAMP001,Kampot,Kampot,Agent,Agent,Authorized Dealer/ Authorized Agent,In effect,10.592727,104.247785,KAMA017 | Trapeang Sangkae | Trapeang Sangkae | 066365170 | KAMP001 | Kampot | Kampot | Agent
KAMA018,KAMA018,Kampong Kandal,Kampong Kandal,Kampong Kandal,0715506622,0715506622,0979758982,KAMP001,Kampot,Kampot,Agent,Agent,Authorized Dealer/ Authorized Agent,In effect,10.603561,104.186762,KAMA018 | Kampong Kandal | Kampong Kandal | 0715506622 | KAMP001 | Kampot | Kampot | Agent
KAMA019,KAMA019,Ruessei Srok Khang Lech 01,Ruessei Srok Khang Lech 01,Ruessei Srok Khang Lech 01,0974815105,0974815105,0979758982,KAMP001,Kampot,Kampot,Agent,Agent,Authorized Dealer/ Authorized Agent,In effect,10.432794,104.448912,KAMA019 | Ruessei Srok Khang Lech 01 | Ruessei Srok Khang Lech 01 | 0974815105 | KAMP001 | Kampot | Kampot | Agent
KAMA020,KAMA020,Kampong Trach Khang Kaeut,Kampong Trach Khang Kaeut,Kampong Trach Khang Kaeut,0976993636,0976993636,0979758982,KAMP001,Kampot,Kampot,Agent,Agent,Authorized Dealer/ Authorized Agent,In effect,10.558688,104.467121,KAMA020 | Kampong Trach Khang Kaeut | Kampong Trach Khang Kaeut | 0976993636 | KAMP001 | Kampot | Kampot | Agent
KAMA021,KAMA021,Trapeang Sala Khang Kaeut,Trapeang Sala Khang Kaeut,Trapeang Sala Khang Kaeut,068470026,068470026,0979758982,KAMP001,Kampot,Kampot,Agent,Agent,Authorized Dealer/ Authorized Agent,In effect,10.705028,104.620335,KAMA021 | Trapeang Sala Khang Kaeut | Trapeang Sala Khang Kaeut | 068470026 | KAMP001 | Kampot | Kampot | Agent
KAMA022,KAMA022,Praphnum,Praphnum,Praphnum,0977833168,0977833168,0979758982,KAMP001,Kampot,Kampot,Agent,Agent,Authorized Dealer/ Authorized Agent,In effect,10.839616,104.650137,KAMA022 | Praphnum | Praphnum | 0977833168 | KAMP001 | Kampot | Kampot | Agent
KAMA023,KAMA023,Ruessei Srok Khang Lech 02,Ruessei Srok Khang Lech 02,Ruessei Srok Khang Lech 02,0886242006,0886242006,0979758982,KAMP001,Kampot,Kampot,Agent,Agent,Authorized Dealer/ Authorized Agent,In effect,10.491692,104.457715,KAMA023 | Ruessei Srok Khang Lech 02 | Ruessei Srok Khang Lech 02 | 0886242006 | KAMP001 | Kampot | Kampot | Agent
KAMA024,KAMA024,Ang Sophi,Ang Sophi,Ang Sophi,0714236423,0714236423,0979758982,KAMP001,Kampot,Kampot,Agent,Agent,Authorized Dealer/ Authorized Agent,In effect,10.55492,104.499998,KAMA024 | Ang Sophi | Ang Sophi | 0714236423 | KAMP001 | Kampot | Kampot | Agent
KAMA025,KAMA025,Damnak Kantuot Khang Cheung,Damnak Kantuot Khang Cheung,Damnak Kantuot Khang Cheung,0883872671,0883872671,0979758982,KAMP001,Kampot,Kampot,Agent,Agent,Authorized Dealer/ Authorized Agent,In effect,10.616107,104.451051,KAMA025 | Damnak Kantuot Khang Cheung | Damnak Kantuot Khang Cheung | 0883872671 | KAMP001 | Kampot | Kampot | Agent
KAMA026,KAMA026,L ang,L ang,L ang,0884042326,0884042326,0979758982,KAMP001,Kampot,Kampot,Agent,Agent,Authorized Dealer/ Authorized Agent,In effect,10.741902,104.341575,KAMA026 | L ang | L ang | 0884042326 | KAMP001 | Kampot | Kampot | Agent
KAMA027,KAMA027,Tuk Meas Khang Lech,Tuk Meas Khang Lech,Tuk Meas Khang Lech,0886272862,0886272862,0979758982,KAMP001,Kampot,Kampot,Agent,Agent,Authorized Dealer/ Authorized Agent,In effect,10.666234,104.560236,KAMA027 | Tuk Meas Khang Lech | Tuk Meas Khang Lech | 0886272862 | KAMP001 | Kampot | Kampot | Agent
KAMA028,KAMA028,Preaek Tnaot 02,Preaek Tnaot 02,Preaek Tnaot 02,0884811108,0884811108,0979758982,KAMP001,Kampot,Kampot,Agent,Agent,Authorized Dealer/ Authorized Agent,In effect,10.612442,103.931604,KAMA028 | Preaek Tnaot 02 | Preaek Tnaot 02 | 0884811108 | KAMP001 | Kampot | Kampot | Agent
KAMA029,KAMA029,Dambouk Khpuos,Dambouk Khpuos,Dambouk Khpuos,0885217220,0885217220,0979758982,KAMP001,Kampot,Kampot,Agent,Agent,Authorized Dealer/ Authorized Agent,In effect,10.776852,104.568238,KAMA029 | Dambouk Khpuos | Dambouk Khpuos | 0885217220 | KAMP001 | Kampot | Kampot | Agent
KAMA030,KAMA030,Dong Tong,Dong Tong,Dong Tong,068539366,068539366,0979758982,KAMP001,Kampot,Kampot,Agent,Agent,Authorized Dealer/ Authorized Agent,In effect,10.62885,104.47109,KAMA030 | Dong Tong | Dong Tong | 068539366 | KAMP001 | Kampot | Kampot | Agent
KAMA031,KAMA031,KampongTrach,KampongTrach,KampongTrach,067740007,067740007,0979758982,KAMP001,Kampot,Kampot,Agent,Agent,Authorized Dealer/ Authorized Agent,In effect,10.447786,104.437666,KAMA031 | KampongTrach | KampongTrach | 067740007 | KAMP001 | Kampot | Kampot | Agent
KAMP001,KAMP001,Kampot,Kampot,Kampot,0979758982,0979758982,0979758982,KAMP001,Kampot,Kampot,Post Office,Post Office,Post office,In effect,10.619812,104.182473,KAMP001 | Kampot | Kampot | 0979758982 | KAMP001 | Kampot | Kampot | Post Office
KAMS001,KAMS001,Krang Ampil,Krang Ampil,Krang Ampil,0972141011,0972141011,0979758982,KAMP001,Kampot,Kampot,Showroom,Showroom,Post office,In effect,10.6143893,104.1821269,KAMS001 | Krang Ampil | Krang Ampil | 0972141011 | KAMP001 | Kampot | Kampot | Showroom
KAMS002,KAMS002,Tuk Meas Khang Lech,Tuk Meas Khang Lech,Tuk Meas Khang Lech,0888808908,0888808908,0979758982,KAMP001,Kampot,Kampot,Showroom,Showroom,Post office,In effect,10.667472,104.560635,KAMS002 | Tuk Meas Khang Lech | Tuk Meas Khang Lech | 0888808908 | KAMP001 | Kampot | Kampot | Showroom
KAMS003,KAMS003,Satv Pong,Satv Pong,Satv Pong,0976095490,0976095490,0979758982,KAMP001,Kampot,Kampot,Showroom,Showroom,Post office,In effect,10.835357,104.454835,KAMS003 | Satv Pong | Satv Pong | 0976095490 | KAMP001 | Kampot | Kampot | Showroom
SPEA006,SPEA006,Chhuk,Chhuk,Chhuk,0888269777,0888269777,0715554858,KAMP001,Kampot,Kampot,Agent,Agent,Authorized Dealer/ Authorized Agent,In effect,11.131556,104.151154,SPEA006 | Chhuk | Chhuk | 0888269777 | KAMP001 | Kampot | Kampot | Agent
KANA001,KANA001,Preaek Chrey,Preaek Chrey,Preaek Chrey,0885014445,0885014445,0716646043,KANP001,Kandal,Kandal,Agent,Agent,Authorized Dealer/ Authorized Agent,In effect,10.96737,105.10423,KANA001 | Preaek Chrey | Preaek Chrey | 0885014445 | KANP001 | Kandal | Kandal | Agent
KANA002,KANA002,Sampov Pun 01,Sampov Pun 01,Sampov Pun 01,0975299991,0975299991,0716646043,KANP001,Kandal,Kandal,Agent,Agent,Authorized Dealer/ Authorized Agent,In effect,11.027526,105.05863,KANA002 | Sampov Pun 01 | Sampov Pun 01 | 0975299991 | KANP001 | Kandal | Kandal | Agent
KANA003,KANA003,Pou Ban 01,Pou Ban 01,Pou Ban 01,0975443338,0975443338,0716646043,KANP001,Kandal,Kandal,Agent,Agent,Authorized Dealer/ Authorized Agent,In effect,11.195817,105.061087,KANA003 | Pou Ban 01 | Pou Ban 01 | 0975443338 | KANP001 | Kandal | Kandal | Agent
KANA004,KANA004,Settak bou,Settak bou,Settak bou,0315055568,0315055568,0716646043,KANP001,Kandal,Kandal,Agent,Agent,Authorized Dealer/ Authorized Agent,In effect,11.455657,105.029998,KANA004 | Settak bou | Settak bou | 0315055568 | KANP001 | Kandal | Kandal | Agent
KANA005,KANA005,Svay Rolum,Svay Rolum,Svay Rolum,066666603,066666603,0716646043,KANP001,Kandal,Kandal,Agent,Agent,Authorized Dealer/ Authorized Agent,In effect,11.455178,104.999608,KANA005 | Svay Rolum | Svay Rolum | 066666603 | KANP001 | Kandal | Kandal | Agent
KANA006,KANA006,Krang Youv,Krang Youv,Krang Youv,090833458,090833458,0716646043,KANP001,Kandal,Kandal,Agent,Agent,Authorized Dealer/ Authorized Agent,In effect,11.292181,104.947988,KANA006 | Krang Youv | Krang Youv | 090833458 | KANP001 | Kandal | Kandal | Agent
KANA007,KANA007,Khpob,Khpob,Khpob,0977507013,0977507013,0716646043,KANP001,Kandal,Kandal,Agent,Agent,Authorized Dealer/ Authorized Agent,In effect,11.265877,105.033555,KANA007 | Khpob | Khpob | 0977507013 | KANP001 | Kandal | Kandal | Agent
KANA008,KANA008,Khpob Ateav,Khpob Ateav,Khpob Ateav,068686963,068686963,0716646043,KANP001,Kandal,Kandal,Agent,Agent,Authorized Dealer/ Authorized Agent,In effect,11.058028,105.191104,KANA008 | Khpob Ateav | Khpob Ateav | 068686963 | KANP001 | Kandal | Kandal | Agent
KANA009,KANA009,Kokir Thum,Kokir Thum,Kokir Thum,0884446153,0884446153,0716646043,KANP001,Kandal,Kandal,Agent,Agent,Authorized Dealer/ Authorized Agent,In effect,11.3343,105.241244,KANA009 | Kokir Thum | Kokir Thum | 0884446153 | KANP001 | Kandal | Kandal | Agent
KANA010,KANA010,Samraong Thum,Samraong Thum,Samraong Thum,0977300096,0977300096,0716646043,KANP001,Kandal,Kandal,Agent,Agent,Authorized Dealer/ Authorized Agent,In effect,11.398369,105.236634,KANA010 | Samraong Thum | Samraong Thum | 0977300096 | KANP001 | Kandal | Kandal | Agent
KANA011,KANA011,Cheung Kaeub,Cheung Kaeub,Cheung Kaeub,068220872,068220872,0716646043,KANP001,Kandal,Kandal,Agent,Agent,Authorized Dealer/ Authorized Agent,In effect,11.42506,104.875069,KANA011 | Cheung Kaeub | Cheung Kaeub | 068220872 | KANP001 | Kandal | Kandal | Agent
KANA012,KANA012,Dei Ed,Dei Ed,Dei Ed,0316843333,0316843333,0716646043,KANP001,Kandal,Kandal,Agent,Agent,Authorized Dealer/ Authorized Agent,In effect,11.493478,105.097377,KANA012 | Dei Ed | Dei Ed | 0316843333 | KANP001 | Kandal | Kandal | Agent
KANA013,KANA013,Chheu Teal 01,Chheu Teal 01,Chheu Teal 01,0889779949,0889779949,0716646043,KANP001,Kandal,Kandal,Agent,Agent,Authorized Dealer/ Authorized Agent,In effect,11.464371,104.977234,KANA013 | Chheu Teal 01 | Chheu Teal 01 | 0889779949 | KANP001 | Kandal | Kandal | Agent
KANA014,KANA014,Chheu Teal 02,Chheu Teal 02,Chheu Teal 02,0884879666,0884879666,0716646043,KANP001,Kandal,Kandal,Agent,Agent,Authorized Dealer/ Authorized Agent,In effect,11.468815,105.025253,KANA014 | Chheu Teal 02 | Chheu Teal 02 | 0884879666 | KANP001 | Kandal | Kandal | Agent
KANA017,KANA017,Preaek Anhchanh,Preaek Anhchanh,Preaek Anhchanh,0974680111,0974680111,0716646043,KANP001,Kandal,Kandal,Agent,Agent,Authorized Dealer/ Authorized Agent,In effect,11.741298,104.98207,KANA017 | Preaek Anhchanh | Preaek Anhchanh | 0974680111 | KANP001 | Kandal | Kandal | Agent
KANA018,KANA018,Roka Kaong Ti Muoy,Roka Kaong Ti Muoy,Roka Kaong Ti Muoy,0719695959,0719695959,0716646043,KANP001,Kandal,Kandal,Agent,Agent,Authorized Dealer/ Authorized Agent,In effect,11.848625,104.994513,KANA018 | Roka Kaong Ti Muoy | Roka Kaong Ti Muoy | 0719695959 | KANP001 | Kandal | Kandal | Agent
KANA019,KANA019,Kampong Luong,Kampong Luong,Kampong Luong,0314000044,0314000044,0716646043,KANP001,Kandal,Kandal,Agent,Agent,Authorized Dealer/ Authorized Agent,In effect,11.819205,104.802207,KANA019 | Kampong Luong | Kampong Luong | 0314000044 | KANP001 | Kandal | Kandal | Agent
KANA020,KANA020,Preaek Koy,Preaek Koy,Preaek Koy,099903002,099903002,0716646043,KANP001,Kandal,Kandal,Agent,Agent,Authorized Dealer/ Authorized Agent,In effect,11.367409,105.004007,KANA020 | Preaek Koy | Preaek Koy | 099903002 | KANP001 | Kandal | Kandal | Agent
KANA021,KANA021,Preaek Hour 01,Preaek Hour 01,Preaek Hour 01,0716646043,0716646043,0716646043,KANP001,Kandal,Kandal,Agent,Agent,Authorized Dealer/ Authorized Agent,In effect,11.456473,104.932033,KANA021 | Preaek Hour 01 | Preaek Hour 01 | 0716646043 | KANP001 | Kandal | Kandal | Agent
KANA022,KANA022,Cheung Kaeub,Cheung Kaeub,Cheung Kaeub,0885777469,0885777469,0716646043,KANP001,Kandal,Kandal,Agent,Agent,Authorized Dealer/ Authorized Agent,In effect,11.439455,104.892452,KANA022 | Cheung Kaeub | Cheung Kaeub | 0885777469 | KANP001 | Kandal | Kandal | Agent
KANA023,KANA023,Preaek Hour 02,Preaek Hour 02,Preaek Hour 02,0716667378,0716667378,0716646043,KANP001,Kandal,Kandal,Agent,Agent,Authorized Dealer/ Authorized Agent,In effect,11.4466,104.88001,KANA023 | Preaek Hour 02 | Preaek Hour 02 | 0716667378 | KANP001 | Kandal | Kandal | Agent
KANA024,KANA024,Daeum Rues,Daeum Rues,Daeum Rues,066441450,066441450,0716646043,KANP001,Kandal,Kandal,Agent,Agent,Authorized Dealer/ Authorized Agent,In effect,11.418343,104.791698,KANA024 | Daeum Rues | Daeum Rues | 066441450 | KANP001 | Kandal | Kandal | Agent
KANA026,KANA026,Traeuy Sla,Traeuy Sla,Traeuy Sla,0975529539,0975529539,0716646043,KANP001,Kandal,Kandal,Agent,Agent,Authorized Dealer/ Authorized Agent,In effect,11.319958,105.067528,KANA026 | Traeuy Sla | Traeuy Sla | 0975529539 | KANP001 | Kandal | Kandal | Agent
KANA027,KANA027,Preaek Ruessei,Preaek Ruessei,Preaek Ruessei,0712032211,0712032211,0716646043,KANP001,Kandal,Kandal,Agent,Agent,Authorized Dealer/ Authorized Agent,In effect,11.470329,104.936806,KANA027 | Preaek Ruessei | Preaek Ruessei | 0712032211 | KANP001 | Kandal | Kandal | Agent
KANA028,KANA028,Siem Reab,Siem Reab,Siem Reab,0312481818,0312481818,0716646043,KANP001,Kandal,Kandal,Agent,Agent,Authorized Dealer/ Authorized Agent,In effect,11.389382,104.863461,KANA028 | Siem Reab | Siem Reab | 0312481818 | KANP001 | Kandal | Kandal | Agent
KANA029,KANA029,Kampong Samnanh,Kampong Samnanh,Kampong Samnanh,060587879,060587879,0716646043,KANP001,Kandal,Kandal,Agent,Agent,Authorized Dealer/ Authorized Agent,In effect,11.460466,104.942209,KANA029 | Kampong Samnanh | Kampong Samnanh | 060587879 | KANP001 | Kandal | Kandal | Agent
KANA031,KANA031,Preaek Ta Meak,Preaek Ta Meak,Preaek Ta Meak,0975428202,0975428202,0716646043,KANP001,Kandal,Kandal,Agent,Agent,Authorized Dealer/ Authorized Agent,In effect,11.749088,105.011697,KANA031 | Preaek Ta Meak | Preaek Ta Meak | 0975428202 | KANP001 | Kandal | Kandal | Agent
KANA033,KANA033,Preaek Rey,Preaek Rey,Preaek Rey,0716404444,0716404444,0716646043,KANP001,Kandal,Kandal,Agent,Agent,Authorized Dealer/ Authorized Agent,In effect,11.528229,105.14387,KANA033 | Preaek Rey | Preaek Rey | 0716404444 | KANP001 | Kandal | Kandal | Agent
KANA034,KANA034,Roka Khpuos,Roka Khpuos,Roka Khpuos,066988835,066988835,0716646043,KANP001,Kandal,Kandal,Agent,Agent,Authorized Dealer/ Authorized Agent,In effect,11.420457,104.983317,KANA034 | Roka Khpuos | Roka Khpuos | 066988835 | KANP001 | Kandal | Kandal | Agent
KANA036,KANA036,Sambuor Meas,Sambuor Meas,Sambuor Meas,0886896222,0886896222,0716646043,KANP001,Kandal,Kandal,Agent,Agent,Authorized Dealer/ Authorized Agent,In effect,11.667183,104.866842,KANA036 | Sambuor Meas | Sambuor Meas | 0886896222 | KANP001 | Kandal | Kandal | Agent
KANA037,KANA037,Sambuor,Sambuor,Sambuor,0978760303,0978760303,0716646043,KANP001,Kandal,Kandal,Agent,Agent,Authorized Dealer/ Authorized Agent,In effect,11.47773,105.162037,KANA037 | Sambuor | Sambuor | 0978760303 | KANP001 | Kandal | Kandal | Agent
KANA038,KANA038,Preaek Ruessei,Preaek Ruessei,Preaek Ruessei,068282262,068282262,0716646043,KANP001,Kandal,Kandal,Agent,Agent,Authorized Dealer/ Authorized Agent,In effect,11.4686,105.209882,KANA038 | Preaek Ruessei | Preaek Ruessei | 068282262 | KANP001 | Kandal | Kandal | Agent
KANA039,KANA039,Chheu Khmau,Chheu Khmau,Chheu Khmau,068688885,068688885,0716646043,KANP001,Kandal,Kandal,Agent,Agent,Authorized Dealer/ Authorized Agent,In effect,11.048601,105.077687,KANA039 | Chheu Khmau | Chheu Khmau | 068688885 | KANP001 | Kandal | Kandal | Agent
KANA040,KANA040,Sampov Pun 02,Sampov Pun 02,Sampov Pun 02,0885852222,0885852222,0716646043,KANP001,Kandal,Kandal,Agent,Agent,Authorized Dealer/ Authorized Agent,In effect,10.954919,105.07873,KANA040 | Sampov Pun 02 | Sampov Pun 02 | 0885852222 | KANP001 | Kandal | Kandal | Agent
KANA041,KANA041,Leuk Daek,Leuk Daek,Leuk Daek,0887000585,0887000585,0716646043,KANP001,Kandal,Kandal,Agent,Agent,Authorized Dealer/ Authorized Agent,In effect,11.130317,105.130143,KANA041 | Leuk Daek | Leuk Daek | 0887000585 | KANP001 | Kandal | Kandal | Agent
KANA042,KANA042,Pou Ban 02,Pou Ban 02,Pou Ban 02,066350114,066350114,0716646043,KANP001,Kandal,Kandal,Agent,Agent,Authorized Dealer/ Authorized Agent,In effect,11.182247,104.074302,KANA042 | Pou Ban 02 | Pou Ban 02 | 066350114 | KANP001 | Kandal | Kandal | Agent
KANA043,KANA043,Puk Ruessei,Puk Ruessei,Puk Ruessei,0978333874,0978333874,0716646043,KANP001,Kandal,Kandal,Agent,Agent,Authorized Dealer/ Authorized Agent,In effect,11.684915,104.968129,KANA043 | Puk Ruessei | Puk Ruessei | 0978333874 | KANP001 | Kandal | Kandal | Agent
KANA044,KANA044,Svay Romiet 01,Svay Romiet 01,Svay Romiet 01,0718044433,0718044433,0716646043,KANP001,Kandal,Kandal,Agent,Agent,Authorized Dealer/ Authorized Agent,In effect,11.795103,105.015382,KANA044 | Svay Romiet 01 | Svay Romiet 01 | 0718044433 | KANP001 | Kandal | Kandal | Agent
KANA045,KANA045,Svay Romiet 02,Svay Romiet 02,Svay Romiet 02,068401902,068401902,0716646043,KANP001,Kandal,Kandal,Agent,Agent,Authorized Dealer/ Authorized Agent,In effect,11.8122,105.038624,KANA045 | Svay Romiet 02 | Svay Romiet 02 | 068401902 | KANP001 | Kandal | Kandal | Agent
KANA046,KANA046,Prek Krabao Ti 2,Prek Krabao Ti 2,Prek Krabao Ti 2,066666017,066666017,0716646043,KANP001,Kandal,Kandal,Agent,Agent,Authorized Dealer/ Authorized Agent,In effect,11.66011,104.964049,KANA046 | Prek Krabao Ti 2 | Prek Krabao Ti 2 | 066666017 | KANP001 | Kandal | Kandal | Agent
KANA049,KANA049,Roka,Roka,Roka,0885777469,0885777469,0716646043,KANP001,Kandal,Kandal,Agent,Agent,Authorized Dealer/ Authorized Agent,In effect,11.451665,104.720281,KANA049 | Roka | Roka | 0885777469 | KANP001 | Kandal | Kandal | Agent
KANA066,KANA066,Wat Prek Ampil,Wat Prek Ampil,Wat Prek Ampil,010274262,010274262,0716646043,KANP001,Kandal,Kandal,Agent,Agent,Authorized Dealer/ Authorized Agent,In effect,11.647094,104.957062,KANA066 | Wat Prek Ampil | Wat Prek Ampil | 010274262 | KANP001 | Kandal | Kandal | Agent
KANP001,KANP001,Ta Khmau,Ta Khmau,Ta Khmau,0716646043,0716646043,0716646043,KANP001,Kandal,Kandal,Post Office,Post Office,Post office,In effect,11.4777335,104.9487032,KANP001 | Ta Khmau | Ta Khmau | 0716646043 | KANP001 | Kandal | Kandal | Post Office
KANS001,KANS001,Ta Khmao,Ta Khmao,Ta Khmao,0716646043,0716646043,0716646043,KANP001,Kandal,Kandal,Showroom,Showroom,Post office,In effect,11.473225,104.94918,KANS001 | Ta Khmao | Ta Khmao | 0716646043 | KANP001 | Kandal | Kandal | Showroom
KANS002,KANS002,Kokir,Kokir,Kokir,0716646043,0716646043,0716646043,KANP001,Kandal,Kandal,Showroom,Showroom,Post office,In effect,11.511094,105.048311,KANS002 | Kokir | Kokir | 0716646043 | KANP001 | Kandal | Kandal | Showroom
KANS003,KANS003,Preaek Thmei,Preaek Thmei,Preaek Thmei,0716646043,0716646043,0716646043,KANP001,Kandal,Kandal,Showroom,Showroom,Post office,In effect,11.133705,105.057119,KANS003 | Preaek Thmei | Preaek Thmei | 0716646043 | KANP001 | Kandal | Kandal | Showroom
KANS004,KANS004,Preaek Anhchanh,Preaek Anhchanh,Preaek Anhchanh,0716646043,0716646043,0716646043,KANP001,Kandal,Kandal,Showroom,Showroom,Post office,In effect,11.738,104.9776,KANS004 | Preaek Anhchanh | Preaek Anhchanh | 0716646043 | KANP001 | Kandal | Kandal | Showroom
KANS005,KANS005,Baek Chan,Baek Chan,Baek Chan,0716646043,0716646043,0716646043,KANP001,Kandal,Kandal,Showroom,Showroom,Post office,In effect,11.509273,104.741863,KANS005 | Baek Chan | Baek Chan | 0716646043 | KANP001 | Kandal | Kandal | Showroom
KOHA001,KOHA001,Dang Tung,Dang Tung,Dang Tung,0973415168,0973415168,0975942942,KOHP001,Koh Kong,Koh Kong,Agent,Agent,Authorized Dealer/ Authorized Agent,In effect,11.595865,102.979171,KOHA001 | Dang Tung | Dang Tung | 0973415168 | KOHP001 | Koh Kong | Koh Kong | Agent
KOHA002,KOHA002,Trapeang Rung,Trapeang Rung,Trapeang Rung,068645654,068645654,0975942942,KOHP001,Koh Kong,Koh Kong,Agent,Agent,Authorized Dealer/ Authorized Agent,In effect,11.379754,103.257654,KOHA002 | Trapeang Rung | Trapeang Rung | 068645654 | KOHP001 | Koh Kong | Koh Kong | Agent
KOHA003,KOHA003,Andoung Tuek,Andoung Tuek,Andoung Tuek,068848687,068848687,0975942942,KOHP001,Koh Kong,Koh Kong,Agent,Agent,Authorized Dealer/ Authorized Agent,In effect,11.18609,103.468786,KOHA003 | Andoung Tuek | Andoung Tuek | 068848687 | KOHP001 | Koh Kong | Koh Kong | Agent
KOHA004,KOHA004,Dang Tung 02,Dang Tung 02,Dang Tung 02,0718099992,0718099992,0975942942,KOHP001,Koh Kong,Koh Kong,Agent,Agent,Authorized Dealer/ Authorized Agent,In effect,11.608304,102.982362,KOHA004 | Dang Tung 02 | Dang Tung 02 | 0718099992 | KOHP001 | Koh Kong | Koh Kong | Agent
KOHA005,KOHA005,Srae Ambel,Srae Ambel,Srae Ambel,0716668661,0716668661,0975942942,KOHP001,Koh Kong,Koh Kong,Agent,Agent,Authorized Dealer/ Authorized Agent,In effect,11.1860333,103.4687297,KOHA005 | Srae Ambel | Srae Ambel | 0716668661 | KOHP001 | Koh Kong | Koh Kong | Agent
KOHA006,KOHA006,Srae Ambel,Srae Ambel,Srae Ambel,0975375352,0975375352,0975942942,KOHP001,Koh Kong,Koh Kong,Agent,Agent,Authorized Dealer/ Authorized Agent,In effect,11.122887,103.745922,KOHA006 | Srae Ambel | Srae Ambel | 0975375352 | KOHP001 | Koh Kong | Koh Kong | Agent
KOHA007,KOHA007,Phnhi Meas,Phnhi Meas,Phnhi Meas,0312226422,0312226422,0975942942,KOHP001,Koh Kong,Koh Kong,Agent,Agent,Authorized Dealer/ Authorized Agent,In effect,10.990343,103.2221,KOHA007 | Phnhi Meas | Phnhi Meas | 0312226422 | KOHP001 | Koh Kong | Koh Kong | Agent
KOHA008,KOHA008,Pak Khlang,Pak Khlang,Pak Khlang,0717330666,0717330666,0975942942,KOHP001,Koh Kong,Koh Kong,Agent,Agent,Authorized Dealer/ Authorized Agent,In effect,11.642346,102.922879,KOHA008 | Pak Khlang | Pak Khlang | 0717330666 | KOHP001 | Koh Kong | Koh Kong | Agent
KOHA009,KOHA009,Ruessei Chrum,Ruessei Chrum,Ruessei Chrum,0973440505,0973440505,0975942942,KOHP001,Koh Kong,Koh Kong,Agent,Agent,Authorized Dealer/ Authorized Agent,In effect,11.683293,103.44224,KOHA009 | Ruessei Chrum | Ruessei Chrum | 0973440505 | KOHP001 | Koh Kong | Koh Kong | Agent
KOHA010,KOHA010,Smach Mean Chey,Smach Mean Chey,Smach Mean Chey,0715443366,0715443366,0975942942,KOHP001,Koh Kong,Koh Kong,Agent,Agent,Authorized Dealer/ Authorized Agent,In effect,11.61593,102.98466,KOHA010 | Smach Mean Chey | Smach Mean Chey | 0715443366 | KOHP001 | Koh Kong | Koh Kong | Agent
KOHA011,KOHA011,Kong deab,Kong deab,Kong deab,068845698,068845698,0975942942,KOHP001,Koh Kong,Koh Kong,Agent,Agent,Authorized Dealer/ Authorized Agent,In effect,,,KOHA011 | Kong deab | Kong deab | 068845698 | KOHP001 | Koh Kong | Koh Kong | Agent
KOHA012,KOHA012,Cham Yeam,Cham Yeam,Cham Yeam,0319993899,0319993899,0975942942,KOHP001,Koh Kong,Koh Kong,Agent,Agent,Authorized Dealer/ Authorized Agent,In effect,11.383526,102.5550684,KOHA012 | Cham Yeam | Cham Yeam | 0319993899 | KOHP001 | Koh Kong | Koh Kong | Agent
KOHP001,KOHP001,Khemmeakrakphumin,Khemmeakrakphumin,Khemmeakrakphumin,0975942942,0975942942,0975942942,KOHP001,Koh Kong,Koh Kong,Post Office,Post Office,Post office,In effect,11.61075,102.978804,KOHP001 | Khemmeakrakphumin | Khemmeakrakphumin | 0975942942 | KOHP001 | Koh Kong | Koh Kong | Post Office
KOHS001,KOHS001,Smach Mean Chey,Smach Mean Chey,Smach Mean Chey,0972920124,0972920124,0975942942,KOHP001,Koh Kong,Koh Kong,Showroom,Showroom,Post office,In effect,11.6154,102.98474,KOHS001 | Smach Mean Chey | Smach Mean Chey | 0972920124 | KOHP001 | Koh Kong | Koh Kong | Showroom
KRAA001,KRAA001,Sambok,Sambok,Sambok,0972626765,0972626765,0979171178,KRAP001,Kratie,Kratie,Agent,Agent,Authorized Dealer/ Authorized Agent,In effect,12.5903,106.0265,KRAA001 | Sambok | Sambok | 0972626765 | KRAP001 | Kratie | Kratie | Agent
KRAA003,KRAA003,Chhloung,Chhloung,Chhloung,0976111877,0976111877,0979171178,KRAP001,Kratie,Kratie,Agent,Agent,Authorized Dealer/ Authorized Agent,In effect,12.252597,105.977067,KRAA003 | Chhloung | Chhloung | 0976111877 | KRAP001 | Kratie | Kratie | Agent
KRAA004,KRAA004,Kbal Damrei,Kbal Damrei,Kbal Damrei,0882720200,0882720200,0979171178,KRAP001,Kratie,Kratie,Agent,Agent,Authorized Dealer/ Authorized Agent,In effect,12.86919,106.198153,KRAA004 | Kbal Damrei | Kbal Damrei | 0882720200 | KRAP001 | Kratie | Kratie | Agent
KRAA005,KRAA005,Svay Chreah,Svay Chreah,Svay Chreah,090440206,090440206,0979171178,KRAP001,Kratie,Kratie,Agent,Agent,Authorized Dealer/ Authorized Agent,In effect,12.320298,106.324222,KRAA005 | Svay Chreah | Svay Chreah | 090440206 | KRAP001 | Kratie | Kratie | Agent
KRAA006,KRAA006,Kranhung Saen Chey,Kranhung Saen Chey,Kranhung Saen Chey,0884939990,0884939990,0979171178,KRAP001,Kratie,Kratie,Agent,Agent,Authorized Dealer/ Authorized Agent,In effect,12.129537,106.653759,KRAA006 | Kranhung Saen Chey | Kranhung Saen Chey | 0884939990 | KRAP001 | Kratie | Kratie | Agent
KRAA007,KRAA007,Ou Krieng,Ou Krieng,Ou Krieng,068636161,068636161,0979171178,KRAP001,Kratie,Kratie,Agent,Agent,Authorized Dealer/ Authorized Agent,In effect,13.043829,106.180606,KRAA007 | Ou Krieng | Ou Krieng | 068636161 | KRAP001 | Kratie | Kratie | Agent
KRAA008,KRAA008,Sambour,Sambour,Sambour,0886676766,0886676766,0979171178,KRAP001,Kratie,Kratie,Agent,Agent,Authorized Dealer/ Authorized Agent,In effect,12.776424,105.964835,KRAA008 | Sambour | Sambour | 0886676766 | KRAP001 | Kratie | Kratie | Agent
KRAA009,KRAA009,Sandan,Sandan,Sandan,0314946555,0314946555,0979171178,KRAP001,Kratie,Kratie,Agent,Agent,Authorized Dealer/ Authorized Agent,In effect,12.689547,106.021083,KRAA009 | Sandan | Sandan | 0314946555 | KRAP001 | Kratie | Kratie | Agent
KRAA010,KRAA010,Chambak,Chambak,Chambak,0882220686,0882220686,0979171178,KRAP001,Kratie,Kratie,Agent,Agent,Authorized Dealer/ Authorized Agent,In effect,12.278305,105.801464,KRAA010 | Chambak | Chambak | 0882220686 | KRAP001 | Kratie | Kratie | Agent
KRAA012,KRAA012,Kanhchor,Kanhchor,Kanhchor,068522577,068522577,0979171178,KRAP001,Kratie,Kratie,Agent,Agent,Authorized Dealer/ Authorized Agent,In effect,12.33255,106.052751,KRAA012 | Kanhchor | Kanhchor | 068522577 | KRAP001 | Kratie | Kratie | Agent
KRAP001,KRAP001,Kracheh,Kracheh,Kracheh,0979984684,0979984684,0979171178,KRAP001,Kratie,Kratie,Post Office,Post Office,Post office,In effect,12.482385,106.020364,KRAP001 | Kracheh | Kracheh | 0979984684 | KRAP001 | Kratie | Kratie | Post Office
KRAS001,KRAS001,Kracheh,Kracheh,Kracheh,0719997744,0719997744,0979171178,KRAP001,Kratie,Kratie,Showroom,Showroom,Post office,In effect,12.4896,106.016,KRAS001 | Kracheh | Kracheh | 0719997744 | KRAP001 | Kratie | Kratie | Showroom
KRAS002,KRAS002,Snuol,Snuol,Snuol,0717370643,0717370643,0979171178,KRAP001,Kratie,Kratie,Showroom,Showroom,Post office,In effect,12.0746,106.4211,KRAS002 | Snuol | Snuol | 0717370643 | KRAP001 | Kratie | Kratie | Showroom
KRAS003,KRAS003,Chhloung,Chhloung,Chhloung,0719778997,0719778997,0979171178,KRAP001,Kratie,Kratie,Showroom,Showroom,Post office,In effect,12.2569,105.9602,KRAS003 | Chhloung | Chhloung | 0719778997 | KRAP001 | Kratie | Kratie | Showroom
KRAS004,KRAS004,Sambour,Sambour,Sambour,0976969537,0976969537,0979171178,KRAP001,Kratie,Kratie,Showroom,Showroom,Post office,In effect,12.774535,105.964866,KRAS004 | Sambour | Sambour | 0976969537 | KRAP001 | Kratie | Kratie | Showroom
KRAS005,KRAS005,Preaek Prasab,Preaek Prasab,Preaek Prasab,0977637301,0977637301,0979171178,KRAP001,Kratie,Kratie,Showroom,Showroom,Post office,In effect,12.35199,106.03661,KRAS005 | Preaek Prasab | Preaek Prasab | 0977637301 | KRAP001 | Kratie | Kratie | Showroom
DVCMEGA1,DVCMEGA1,MEGA transport team,MEGA transport team,MEGA transport team,,,0886479090,MEGA,MEGA HUB,MEGA HUB,Agent,Agent,Transportation Team/ Delivery Team/ Shipping Team,In effect,11.63907,104.85378,DVCMEGA1 | MEGA transport team | MEGA transport team | MEGA | MEGA HUB | MEGA HUB | Agent
MEGA1,MEGA1,MEGA1,MEGA1,MEGA1,,,0886479090,MEGA,MEGA HUB,MEGA HUB,Agent,Agent,Operations Center,In effect,11.631082846238561,104.85548753809898,MEGA1 | MEGA1 | MEGA1 | MEGA | MEGA HUB | MEGA HUB | Agent
MONA001,MONA001,Chong Phlah,Chong Phlah,Chong Phlah,0979312777,0979312777,0716696816,MONP001,Mondul Kiri,Mondul Kiri,Agent,Agent,Authorized Dealer/ Authorized Agent,In effect,12.614578,106.876878,MONA001 | Chong Phlah | Chong Phlah | 0979312777 | MONP001 | Mondul Kiri | Mondul Kiri | Agent
MONA002,MONA002,Dak Dam,Dak Dam,Dak Dam,0717557043,0717557043,0716696816,MONP001,Mondul Kiri,Mondul Kiri,Agent,Agent,Authorized Dealer/ Authorized Agent,In effect,12.423385,107.312825,MONA002 | Dak Dam | Dak Dam | 0717557043 | MONP001 | Mondul Kiri | Mondul Kiri | Agent
MONA003,MONA003,Srae Sangkum,Srae Sangkum,Srae Sangkum,0977076136,0977076136,0716696816,MONP001,Mondul Kiri,Mondul Kiri,Agent,Agent,Authorized Dealer/ Authorized Agent,In effect,13.075742,107.044095,MONA003 | Srae Sangkum | Srae Sangkum | 0977076136 | MONP001 | Mondul Kiri | Mondul Kiri | Agent
MONA004,MONA004,Bu Sra,Bu Sra,Bu Sra,0976417077,0976417077,0716696816,MONP001,Mondul Kiri,Mondul Kiri,Agent,Agent,Authorized Dealer/ Authorized Agent,In effect,12.541149,107.431679,MONA004 | Bu Sra | Bu Sra | 0976417077 | MONP001 | Mondul Kiri | Mondul Kiri | Agent
MONA005,MONA005,Pu Chrey,Pu Chrey,Pu Chrey,0882727972,0882727972,0716696816,MONP001,Mondul Kiri,Mondul Kiri,Agent,Agent,Authorized Dealer/ Authorized Agent,In effect,12.684758,107.218298,MONA005 | Pu Chrey | Pu Chrey | 0882727972 | MONP001 | Mondul Kiri | Mondul Kiri | Agent
MONA006,MONA006,Srae Ampum,Srae Ampum,Srae Ampum,066924904,066924904,0716696816,MONP001,Mondul Kiri,Mondul Kiri,Agent,Agent,Authorized Dealer/ Authorized Agent,In effect,12.541868,107.337129,MONA006 | Srae Ampum | Srae Ampum | 066924904 | MONP001 | Mondul Kiri | Mondul Kiri | Agent
MONA007,MONA007,Srae Khtum,Srae Khtum,Srae Khtum,0714598999,0714598999,0716696816,MONP001,Mondul Kiri,Mondul Kiri,Agent,Agent,Authorized Dealer/ Authorized Agent,In effect,12.112262,106.886145,MONA007 | Srae Khtum | Srae Khtum | 0714598999 | MONP001 | Mondul Kiri | Mondul Kiri | Agent
MONA008,MONA008,Srae Chhuk,Srae Chhuk,Srae Chhuk,0712300008,0712300008,0716696816,MONP001,Mondul Kiri,Mondul Kiri,Agent,Agent,Authorized Dealer/ Authorized Agent,In effect,12.139465,106.718123,MONA008 | Srae Chhuk | Srae Chhuk | 0712300008 | MONP001 | Mondul Kiri | Mondul Kiri | Agent
MONA009,MONA009,ME MONG,ME MONG,ME MONG,0972335985,0972335985,0716696816,MONP001,Mondul Kiri,Mondul Kiri,Agent,Agent,Authorized Dealer/ Authorized Agent,In effect,12.590081,106.926802,MONA009 | ME MONG | ME MONG | 0972335985 | MONP001 | Mondul Kiri | Mondul Kiri | Agent
MONP001,MONP001,Mondulkiri,Mondulkiri,Mondulkiri,0716696816,0716696816,0716696816,MONP001,Mondul Kiri,Mondul Kiri,Post Office,Post Office,Post office,In effect,12.457818,107.187645,MONP001 | Mondulkiri | Mondulkiri | 0716696816 | MONP001 | Mondul Kiri | Mondul Kiri | Post Office
MONS001,MONS001,Spean Mean Chey,Spean Mean Chey,Spean Mean Chey,0889604994,0889604994,0716696816,MONP001,Mondul Kiri,Mondul Kiri,Showroom,Showroom,Post office,Out of effect,12.454312,107.187197,MONS001 | Spean Mean Chey | Spean Mean Chey | 0889604994 | MONP001 | Mondul Kiri | Mondul Kiri | Showroom
ODDA001,ODDA001,Anlung Veaeng 01,Anlung Veaeng 01,Anlung Veaeng 01,0886855656,0886855656,0979520168,ODDP001,Otdar Meanchey,Otdar Meanchey,Agent,Agent,Authorized Dealer/ Authorized Agent,In effect,14.08214,104.095182,ODDA001 | Anlung Veaeng 01 | Anlung Veaeng 01 | 0886855656 | ODDP001 | Otdar Meanchey | Otdar Meanchey | Agent
ODDA002,ODDA002,Anlung Veaeng 02,Anlung Veaeng 02,Anlung Veaeng 02,0972631463,0972631463,0979520168,ODDP001,Otdar Meanchey,Otdar Meanchey,Agent,Agent,Authorized Dealer/ Authorized Agent,In effect,14.232786,104.080505,ODDA002 | Anlung Veaeng 02 | Anlung Veaeng 02 | 0972631463 | ODDP001 | Otdar Meanchey | Otdar Meanchey | Agent
ODDA003,ODDA003,Trapeang Tav,Trapeang Tav,Trapeang Tav,0312224055,0312224055,0979520168,ODDP001,Otdar Meanchey,Otdar Meanchey,Agent,Agent,Authorized Dealer/ Authorized Agent,In effect,14.22539,103.897009,ODDA003 | Trapeang Tav | Trapeang Tav | 0312224055 | ODDP001 | Otdar Meanchey | Otdar Meanchey | Agent
ODDA004,ODDA004,Trapeang Prasat 01,Trapeang Prasat 01,Trapeang Prasat 01,0714809488,0714809488,0979520168,ODDP001,Otdar Meanchey,Otdar Meanchey,Agent,Agent,Authorized Dealer/ Authorized Agent,In effect,14.19811,104.356795,ODDA004 | Trapeang Prasat 01 | Trapeang Prasat 01 | 0714809488 | ODDP001 | Otdar Meanchey | Otdar Meanchey | Agent
ODDA005,ODDA005,Trapeang Prasat 02,Trapeang Prasat 02,Trapeang Prasat 02,0317535511,0317535511,0979520168,ODDP001,Otdar Meanchey,Otdar Meanchey,Agent,Agent,Authorized Dealer/ Authorized Agent,In effect,14.112373,104.342542,ODDA005 | Trapeang Prasat 02 | Trapeang Prasat 02 | 0317535511 | ODDP001 | Otdar Meanchey | Otdar Meanchey | Agent
ODDA006,ODDA006,Samraong,Samraong,Samraong,0719000048,0719000048,0979520168,ODDP001,Otdar Meanchey,Otdar Meanchey,Agent,Agent,Authorized Dealer/ Authorized Agent,In effect,14.177446,103.507004,ODDA006 | Samraong | Samraong | 0719000048 | ODDP001 | Otdar Meanchey | Otdar Meanchey | Agent
ODDA007,ODDA007,Chong Kal,Chong Kal,Chong Kal,066772668,066772668,0979520168,ODDP001,Otdar Meanchey,Otdar Meanchey,Agent,Agent,Authorized Dealer/ Authorized Agent,In effect,13.961066,103.572905,ODDA007 | Chong Kal | Chong Kal | 066772668 | ODDP001 | Otdar Meanchey | Otdar Meanchey | Agent
ODDA008,ODDA008,Kouk Mon,Kouk Mon,Kouk Mon,068819868,068819868,0979520168,ODDP001,Otdar Meanchey,Otdar Meanchey,Agent,Agent,Authorized Dealer/ Authorized Agent,In effect,14.161922,103.288798,ODDA008 | Kouk Mon | Kouk Mon | 068819868 | ODDP001 | Otdar Meanchey | Otdar Meanchey | Agent
ODDP001,ODDP001,Samraong,Samraong,Samraong,0979520168,0979520168,0979520168,ODDP001,Otdar Meanchey,Otdar Meanchey,Post Office,Post Office,Post office,In effect,14.171544,103.511342,ODDP001 | Samraong | Samraong | 0979520168 | ODDP001 | Otdar Meanchey | Otdar Meanchey | Post Office
ODDS001,ODDS001,Samraong,Samraong,Samraong,0979520168,0979520168,0979520168,ODDP001,Otdar Meanchey,Otdar Meanchey,Showroom,Showroom,Post office,Out of effect,14.17525,103.5071667,ODDS001 | Samraong | Samraong | 0979520168 | ODDP001 | Otdar Meanchey | Otdar Meanchey | Showroom
ODDS002,ODDS002,Anlung Veaeng,Anlung Veaeng,Anlung Veaeng,0717751736,0717751736,0979520168,ODDP001,Otdar Meanchey,Otdar Meanchey,Showroom,Showroom,Post office,In effect,14.230011,104.0781543,ODDS002 | Anlung Veaeng | Anlung Veaeng | 0717751736 | ODDP001 | Otdar Meanchey | Otdar Meanchey | Showroom
ODDTEST,ODDTEST,Otdar Meanchey,Otdar Meanchey,Otdar Meanchey,0979520168,0979520168,0979520168,ODDP001,Otdar Meanchey,Otdar Meanchey,Post Office,Post Office,Post office,Out of effect,,,ODDTEST | Otdar Meanchey | Otdar Meanchey | 0979520168 | ODDP001 | Otdar Meanchey | Otdar Meanchey | Post Office
PNP-MYGO01,PNP-MYGO01,MYGO01,MYGO01,MYGO01,060234468,060234468,0886479090,PNPP001,Phnom Penh Branch,Phnom Penh Branch,Agent,Agent,Authorized Dealer/ Authorized Agent,In effect,11.56927,104.91889,PNP-MYGO01 | MYGO01 | MYGO01 | 060234468 | PNPP001 | Phnom Penh Branch | Phnom Penh Branch | Agent
PNPA001,PNPA001,Prey Sa,Prey Sa,Prey Sa,0977722229,0977722229,0886479090,PNPP001,Phnom Penh Branch,Phnom Penh Branch,Agent,Agent,Authorized Dealer/ Authorized Agent,In effect,11.500609,104.858078,PNPA001 | Prey Sa | Prey Sa | 0977722229 | PNPP001 | Phnom Penh Branch | Phnom Penh Branch | Agent
PNPA002,PNPA002,Oulampik 01,Oulampik 01,Oulampik 01,066659268,066659268,0886479090,PNPP001,Phnom Penh Branch,Phnom Penh Branch,Agent,Agent,Authorized Dealer/ Authorized Agent,In effect,11.55307,104.91135,PNPA002 | Oulampik 01 | Oulampik 01 | 066659268 | PNPP001 | Phnom Penh Branch | Phnom Penh Branch | Agent
PNPA003,PNPA003,Tuek Thla 01,Tuek Thla 01,Tuek Thla 01,0312244786,0312244786,0886479090,PNPP001,Phnom Penh Branch,Phnom Penh Branch,Agent,Agent,Authorized Dealer/ Authorized Agent,In effect,11.556812,104.881281,PNPA003 | Tuek Thla 01 | Tuek Thla 01 | 0312244786 | PNPP001 | Phnom Penh Branch | Phnom Penh Branch | Agent
PNPA004,PNPA004,Chaom Chau Ti Pir,Chaom Chau Ti Pir,Chaom Chau Ti Pir,090271919,090271919,0886479090,PNPP001,Phnom Penh Branch,Phnom Penh Branch,Agent,Agent,Authorized Dealer/ Authorized Agent,In effect,11.534467,104.84961,PNPA004 | Chaom Chau Ti Pir | Chaom Chau Ti Pir | 090271919 | PNPP001 | Phnom Penh Branch | Phnom Penh Branch | Agent
PNPA005,PNPA005,Trapeang Thloeng 4,Trapeang Thloeng 4,Trapeang Thloeng 4,068456594,068456594,0886479090,PNPP001,Phnom Penh Branch,Phnom Penh Branch,Agent,Agent,Authorized Dealer/ Authorized Agent,In effect,11.531301,104.860961,PNPA005 | Trapeang Thloeng 4 | Trapeang Thloeng 4 | 068456594 | PNPP001 | Phnom Penh Branch | Phnom Penh Branch | Agent
PNPA006,PNPA006,Kakab Ti Pir,Kakab Ti Pir,Kakab Ti Pir,0883794940,0883794940,0886479090,PNPP001,Phnom Penh Branch,Phnom Penh Branch,Agent,Agent,Authorized Dealer/ Authorized Agent,In effect,11.563,104.8416,PNPA006 | Kakab Ti Pir | Kakab Ti Pir | 0883794940 | PNPP001 | Phnom Penh Branch | Phnom Penh Branch | Agent
PNPA007,PNPA007,Dangkao,Dangkao,Dangkao,060285556,060285556,0886479090,PNPP001,Phnom Penh Branch,Phnom Penh Branch,Agent,Agent,Authorized Dealer/ Authorized Agent,In effect,11.5153,104.8856,PNPA007 | Dangkao | Dangkao | 060285556 | PNPP001 | Phnom Penh Branch | Phnom Penh Branch | Agent
PNPA008,PNPA008,Stueng Mean Chey Ti Bei,Stueng Mean Chey Ti Bei,Stueng Mean Chey Ti Bei,0975702255,0975702255,0886479090,PNPP001,Phnom Penh Branch,Phnom Penh Branch,Agent,Agent,Authorized Dealer/ Authorized Agent,In effect,11.5293,104.8768,PNPA008 | Stueng Mean Chey Ti Bei | Stueng Mean Chey Ti Bei | 0975702255 | PNPP001 | Phnom Penh Branch | Phnom Penh Branch | Agent
PNPA013,PNPA013,Kamboul,Kamboul,Kamboul,0883777126,0883777126,0886479090,PNPP001,Phnom Penh Branch,Phnom Penh Branch,Agent,Agent,Authorized Dealer/ Authorized Agent,In effect,11.4411,104.7519,PNPA013 | Kamboul | Kamboul | 0883777126 | PNPP001 | Phnom Penh Branch | Phnom Penh Branch | Agent
PNPA016,PNPA016,Angk Snuol,Angk Snuol,Angk Snuol,0883999617,0883999617,0886479090,PNPP001,Phnom Penh Branch,Phnom Penh Branch,Agent,Agent,Authorized Dealer/ Authorized Agent,In effect,11.509205,104.750279,PNPA016 | Angk Snuol | Angk Snuol | 0883999617 | PNPP001 | Phnom Penh Branch | Phnom Penh Branch | Agent
PNPA017,PNPA017,SOMOL MONORITH,SOMOL MONORITH,SOMOL MONORITH,090614747,090614747,0886479090,PNPP001,Phnom Penh Branch,Phnom Penh Branch,Agent,Agent,Authorized Dealer/ Authorized Agent,In effect,11.535556,104.761811,PNPA017 | SOMOL MONORITH | SOMOL MONORITH | 090614747 | PNPP001 | Phnom Penh Branch | Phnom Penh Branch | Agent
PNPA019,PNPA019,Ta Nuon,Ta Nuon,Ta Nuon,090614747,090614747,0886479090,PNPP001,Phnom Penh Branch,Phnom Penh Branch,Agent,Agent,Authorized Dealer/ Authorized Agent,In effect,11.535552,104.761817,PNPA019 | Ta Nuon | Ta Nuon | 090614747 | PNPP001 | Phnom Penh Branch | Phnom Penh Branch | Agent
PNPA020,PNPA020,Tuol Svay Prey Ti Pir,Tuol Svay Prey Ti Pir,Tuol Svay Prey Ti Pir,0888888086,0888888086,0886479090,PNPP001,Phnom Penh Branch,Phnom Penh Branch,Agent,Agent,Authorized Dealer/ Authorized Agent,In effect,11.551024,104.904515,PNPA020 | Tuol Svay Prey Ti Pir | Tuol Svay Prey Ti Pir | 0888888086 | PNPP001 | Phnom Penh Branch | Phnom Penh Branch | Agent
PNPA022,PNPA022,Tien,Tien,Tien,0886939168,0886939168,0886479090,PNPP001,Phnom Penh Branch,Phnom Penh Branch,Agent,Agent,Authorized Dealer/ Authorized Agent,In effect,11.44122,104.855906,PNPA022 | Tien | Tien | 0886939168 | PNPP001 | Phnom Penh Branch | Phnom Penh Branch | Agent
PNPA023,PNPA023,Chaom Chau Ti Pir,Chaom Chau Ti Pir,Chaom Chau Ti Pir,0883338139,0883338139,0886479090,PNPP001,Phnom Penh Branch,Phnom Penh Branch,Agent,Agent,Authorized Dealer/ Authorized Agent,In effect,11.52833,104.844216,PNPA023 | Chaom Chau Ti Pir | Chaom Chau Ti Pir | 0883338139 | PNPP001 | Phnom Penh Branch | Phnom Penh Branch | Agent
PNPA024,PNPA024,Kakab Ti Muoy,Kakab Ti Muoy,Kakab Ti Muoy,068888127,068888127,0886479090,PNPP001,Phnom Penh Branch,Phnom Penh Branch,Agent,Agent,Authorized Dealer/ Authorized Agent,In effect,11.561142,104.841369,PNPA024 | Kakab Ti Muoy | Kakab Ti Muoy | 068888127 | PNPP001 | Phnom Penh Branch | Phnom Penh Branch | Agent
PNPA025,PNPA025,Chaom Chau Ti Muoy 01,Chaom Chau Ti Muoy 01,Chaom Chau Ti Muoy 01,0889855597,0889855597,0886479090,PNPP001,Phnom Penh Branch,Phnom Penh Branch,Agent,Agent,Authorized Dealer/ Authorized Agent,In effect,11.531051,104.809553,PNPA025 | Chaom Chau Ti Muoy 01 | Chaom Chau Ti Muoy 01 | 0889855597 | PNPP001 | Phnom Penh Branch | Phnom Penh Branch | Agent
PNPA026,PNPA026,Stueng Mean Chey Ti Muoy,Stueng Mean Chey Ti Muoy,Stueng Mean Chey Ti Muoy,0713440004,0713440004,0886479090,PNPP001,Phnom Penh Branch,Phnom Penh Branch,Agent,Agent,Authorized Dealer/ Authorized Agent,In effect,11.525871,104.875463,PNPA026 | Stueng Mean Chey Ti Muoy | Stueng Mean Chey Ti Muoy | 0713440004 | PNPP001 | Phnom Penh Branch | Phnom Penh Branch | Agent
PNPA027,PNPA027,Boeng Tumpun Ti Pir,Boeng Tumpun Ti Pir,Boeng Tumpun Ti Pir,0972797979,0972797979,0886479090,PNPP001,Phnom Penh Branch,Phnom Penh Branch,Agent,Agent,Authorized Dealer/ Authorized Agent,In effect,11.514045,104.920608,PNPA027 | Boeng Tumpun Ti Pir | Boeng Tumpun Ti Pir | 0972797979 | PNPP001 | Phnom Penh Branch | Phnom Penh Branch | Agent
PNPA028,PNPA028,Chaom Chau Ti Muoy 02,Chaom Chau Ti Muoy 02,Chaom Chau Ti Muoy 02,0973004449,0973004449,0886479090,PNPP001,Phnom Penh Branch,Phnom Penh Branch,Agent,Agent,Authorized Dealer/ Authorized Agent,In effect,11.5215,104.8725,PNPA028 | Chaom Chau Ti Muoy 02 | Chaom Chau Ti Muoy 02 | 0973004449 | PNPP001 | Phnom Penh Branch | Phnom Penh Branch | Agent
PNPA029,PNPA029,Stueng Mean Chey Ti Pir,Stueng Mean Chey Ti Pir,Stueng Mean Chey Ti Pir,0719226226,0719226226,0886479090,PNPP001,Phnom Penh Branch,Phnom Penh Branch,Agent,Agent,Authorized Dealer/ Authorized Agent,In effect,11.524998,104.89214,PNPA029 | Stueng Mean Chey Ti Pir | Stueng Mean Chey Ti Pir | 0719226226 | PNPP001 | Phnom Penh Branch | Phnom Penh Branch | Agent
PNPA030,PNPA030,Stueng Mean Chey Ti Muoy,Stueng Mean Chey Ti Muoy,Stueng Mean Chey Ti Muoy,068997172,068997172,0886479090,PNPP001,Phnom Penh Branch,Phnom Penh Branch,Agent,Agent,Authorized Dealer/ Authorized Agent,In effect,11.548701,104.896919,PNPA030 | Stueng Mean Chey Ti Muoy | Stueng Mean Chey Ti Muoy | 068997172 | PNPP001 | Phnom Penh Branch | Phnom Penh Branch | Agent
PNPA031,PNPA031,Dangkao 01,Dangkao 01,Dangkao 01,0978287070,0978287070,0886479090,PNPP001,Phnom Penh Branch,Phnom Penh Branch,Agent,Agent,Authorized Dealer/ Authorized Agent,In effect,11.5064,104.8867,PNPA031 | Dangkao 01 | Dangkao 01 | 0978287070 | PNPP001 | Phnom Penh Branch | Phnom Penh Branch | Agent
PNPA032,PNPA032,Spean Thma,Spean Thma,Spean Thma,0882212222,0882212222,0886479090,PNPP001,Phnom Penh Branch,Phnom Penh Branch,Agent,Agent,Authorized Dealer/ Authorized Agent,In effect,11.4607,104.8898,PNPA032 | Spean Thma | Spean Thma | 0882212222 | PNPP001 | Phnom Penh Branch | Phnom Penh Branch | Agent
PNPA033,PNPA033,Cheung Aek,Cheung Aek,Cheung Aek,0889179899,0889179899,0886479090,PNPP001,Phnom Penh Branch,Phnom Penh Branch,Agent,Agent,Authorized Dealer/ Authorized Agent,In effect,11.495626,104.893718,PNPA033 | Cheung Aek | Cheung Aek | 0889179899 | PNPP001 | Phnom Penh Branch | Phnom Penh Branch | Agent
PNPA034,PNPA034,Dangkao 02,Dangkao 02,Dangkao 02,0889501199,0889501199,0886479090,PNPP001,Phnom Penh Branch,Phnom Penh Branch,Agent,Agent,Authorized Dealer/ Authorized Agent,In effect,11.43287,105.59722,PNPA034 | Dangkao 02 | Dangkao 02 | 0889501199 | PNPP001 | Phnom Penh Branch | Phnom Penh Branch | Agent
PNPA035,PNPA035,Ruessei Kaev 01,Ruessei Kaev 01,Ruessei Kaev 01,0978252064,0978252064,0886479090,PNPP001,Phnom Penh Branch,Phnom Penh Branch,Agent,Agent,Authorized Dealer/ Authorized Agent,In effect,11.612098,104.916483,PNPA035 | Ruessei Kaev 01 | Ruessei Kaev 01 | 0978252064 | PNPP001 | Phnom Penh Branch | Phnom Penh Branch | Agent
PNPA036,PNPA036,Phsar Daeum Kor,Phsar Daeum Kor,Phsar Daeum Kor,067444429,067444429,0886479090,PNPP001,Phnom Penh Branch,Phnom Penh Branch,Agent,Agent,Authorized Dealer/ Authorized Agent,In effect,11.5558,104.903971,PNPA036 | Phsar Daeum Kor | Phsar Daeum Kor | 067444429 | PNPP001 | Phnom Penh Branch | Phnom Penh Branch | Agent
PNPA037,PNPA037,Ruessei Kaev 02,Ruessei Kaev 02,Ruessei Kaev 02,0977779525,0977779525,0886479090,PNPP001,Phnom Penh Branch,Phnom Penh Branch,Agent,Agent,Authorized Dealer/ Authorized Agent,In effect,11.60771,104.910754,PNPA037 | Ruessei Kaev 02 | Ruessei Kaev 02 | 0977779525 | PNPP001 | Phnom Penh Branch | Phnom Penh Branch | Agent
PNPA038,PNPA038,Kouk Khleang,Kouk Khleang,Kouk Khleang,0884006677,0884006677,0886479090,PNPP001,Phnom Penh Branch,Phnom Penh Branch,Agent,Agent,Authorized Dealer/ Authorized Agent,In effect,11.597575,104.868313,PNPA038 | Kouk Khleang | Kouk Khleang | 0884006677 | PNPP001 | Phnom Penh Branch | Phnom Penh Branch | Agent
PNPA039,PNPA039,Phnum Penh Thmei,Phnum Penh Thmei,Phnum Penh Thmei,0885712259,0885712259,0886479090,PNPP001,Phnom Penh Branch,Phnom Penh Branch,Agent,Agent,Authorized Dealer/ Authorized Agent,In effect,11.572758,104.871636,PNPA039 | Phnum Penh Thmei | Phnum Penh Thmei | 0885712259 | PNPP001 | Phnom Penh Branch | Phnom Penh Branch | Agent
PNPA040,PNPA040,Tuek Thla 02,Tuek Thla 02,Tuek Thla 02,0973333018,0973333018,0886479090,PNPP001,Phnom Penh Branch,Phnom Penh Branch,Agent,Agent,Authorized Dealer/ Authorized Agent,In effect,11.553224,104.885042,PNPA040 | Tuek Thla 02 | Tuek Thla 02 | 0973333018 | PNPP001 | Phnom Penh Branch | Phnom Penh Branch | Agent
PNPA041,PNPA041,Oulampik 02,Oulampik 02,Oulampik 02,0976606888,0976606888,0886479090,PNPP001,Phnom Penh Branch,Phnom Penh Branch,Agent,Agent,Authorized Dealer/ Authorized Agent,In effect,11.554833,104.910783,PNPA041 | Oulampik 02 | Oulampik 02 | 0976606888 | PNPP001 | Phnom Penh Branch | Phnom Penh Branch | Agent
PNPA043,PNPA043,Preaek Pra,Preaek Pra,Preaek Pra,067426467,067426467,0886479090,PNPP001,Phnom Penh Branch,Phnom Penh Branch,Agent,Agent,Authorized Dealer/ Authorized Agent,In effect,11.5047,104.9453,PNPA043 | Preaek Pra | Preaek Pra | 067426467 | PNPP001 | Phnom Penh Branch | Phnom Penh Branch | Agent
PNPA044,PNPA044,Phsar Chas,Phsar Chas,Phsar Chas,0883633319,0883633319,0886479090,PNPP001,Phnom Penh Branch,Phnom Penh Branch,Agent,Agent,Authorized Dealer/ Authorized Agent,In effect,11.572105,104.924878,PNPA044 | Phsar Chas | Phsar Chas | 0883633319 | PNPP001 | Phnom Penh Branch | Phnom Penh Branch | Agent
PNPA045,PNPA045,Boeng Proluet,Boeng Proluet,Boeng Proluet,0976333853,0976333853,0886479090,PNPP001,Phnom Penh Branch,Phnom Penh Branch,Agent,Agent,Authorized Dealer/ Authorized Agent,In effect,11.561033,104.91571,PNPA045 | Boeng Proluet | Boeng Proluet | 0976333853 | PNPP001 | Phnom Penh Branch | Phnom Penh Branch | Agent
PNPA046,PNPA046,Chaom Chau Ti Bei 01,Chaom Chau Ti Bei 01,Chaom Chau Ti Bei 01,066782866,066782866,0886479090,PNPP001,Phnom Penh Branch,Phnom Penh Branch,Agent,Agent,Authorized Dealer/ Authorized Agent,In effect,11.532243,104.832501,PNPA046 | Chaom Chau Ti Bei 01 | Chaom Chau Ti Bei 01 | 066782866 | PNPP001 | Phnom Penh Branch | Phnom Penh Branch | Agent
PNPA047,PNPA047,Phsar Thmei Ti Bei,Phsar Thmei Ti Bei,Phsar Thmei Ti Bei,0886785800,0886785800,0886479090,PNPP001,Phnom Penh Branch,Phnom Penh Branch,Agent,Agent,Authorized Dealer/ Authorized Agent,In effect,11.567417,104.92398,PNPA047 | Phsar Thmei Ti Bei | Phsar Thmei Ti Bei | 0886785800 | PNPP001 | Phnom Penh Branch | Phnom Penh Branch | Agent
PNPA048,PNPA048,Chrang Chamreh Ti Pir,Chrang Chamreh Ti Pir,Chrang Chamreh Ti Pir,0714224400,0714224400,0886479090,PNPP001,Phnom Penh Branch,Phnom Penh Branch,Agent,Agent,Authorized Dealer/ Authorized Agent,In effect,11.630997,104.903476,PNPA048 | Chrang Chamreh Ti Pir | Chrang Chamreh Ti Pir | 0714224400 | PNPP001 | Phnom Penh Branch | Phnom Penh Branch | Agent
PNPA051,PNPA051,Tuek L'ak Ti Bei,Tuek L'ak Ti Bei,Tuek L'ak Ti Bei,066841666,066841666,0886479090,PNPP001,Phnom Penh Branch,Phnom Penh Branch,Agent,Agent,Authorized Dealer/ Authorized Agent,In effect,11.55678,104.893393,PNPA051 | Tuek L'ak Ti Bei | Tuek L'ak Ti Bei | 066841666 | PNPP001 | Phnom Penh Branch | Phnom Penh Branch | Agent
PNPA052,PNPA052,Chak Angrae Kraom,Chak Angrae Kraom,Chak Angrae Kraom,0717102101,0717102101,0886479090,PNPP001,Phnom Penh Branch,Phnom Penh Branch,Agent,Agent,Authorized Dealer/ Authorized Agent,In effect,11.50926,104.937224,PNPA052 | Chak Angrae Kraom | Chak Angrae Kraom | 0717102101 | PNPP001 | Phnom Penh Branch | Phnom Penh Branch | Agent
PNPA053,PNPA053,Bong Keng Kang Ti Muoy,Bong Keng Kang Ti Muoy,Bong Keng Kang Ti Muoy,0318224488,0318224488,0886479090,PNPP001,Phnom Penh Branch,Phnom Penh Branch,Agent,Agent,Authorized Dealer/ Authorized Agent,In effect,11.55358,104.921575,PNPA053 | Bong Keng Kang Ti Muoy | Bong Keng Kang Ti Muoy | 0318224488 | PNPP001 | Phnom Penh Branch | Phnom Penh Branch | Agent
PNPA055,PNPA055,Boeng Tumpun Ti Muoy,Boeng Tumpun Ti Muoy,Boeng Tumpun Ti Muoy,0972888509,0972888509,0886479090,PNPP001,Phnom Penh Branch,Phnom Penh Branch,Agent,Agent,Authorized Dealer/ Authorized Agent,In effect,11.520161,104.916818,PNPA055 | Boeng Tumpun Ti Muoy | Boeng Tumpun Ti Muoy | 0972888509 | PNPP001 | Phnom Penh Branch | Phnom Penh Branch | Agent
PNPA059,PNPA059,Phsar Toch,Phsar Toch,Phsar Toch,0979994030,0979994030,0886479090,PNPP001,Phnom Penh Branch,Phnom Penh Branch,Agent,Agent,Authorized Dealer/ Authorized Agent,In effect,104.916787,11.590202,PNPA059 | Phsar Toch | Phsar Toch | 0979994030 | PNPP001 | Phnom Penh Branch | Phnom Penh Branch | Agent
PNPA060,PNPA060,Phsar Thmei Ti Muoy,Phsar Thmei Ti Muoy,Phsar Thmei Ti Muoy,0713537070,0713537070,0886479090,PNPP001,Phnom Penh Branch,Phnom Penh Branch,Agent,Agent,Authorized Dealer/ Authorized Agent,In effect,11.570329,104.921707,PNPA060 | Phsar Thmei Ti Muoy | Phsar Thmei Ti Muoy | 0713537070 | PNPP001 | Phnom Penh Branch | Phnom Penh Branch | Agent
PNPA062,PNPA062,ST47 Srah Chak,ST47 Srah Chak,ST47 Srah Chak,0716002431,0716002431,0886479090,PNPP001,Phnom Penh Branch,Phnom Penh Branch,Agent,Agent,Authorized Dealer/ Authorized Agent,In effect,11.5839012,104.9179671,PNPA062 | ST47 Srah Chak | ST47 Srah Chak | 0716002431 | PNPP001 | Phnom Penh Branch | Phnom Penh Branch | Agent
PNPA064,PNPA064,Prey Pring Khang Tboung 2,Prey Pring Khang Tboung 2,Prey Pring Khang Tboung 2,0976639839,0976639839,0886479090,PNPP001,Phnom Penh Branch,Phnom Penh Branch,Agent,Agent,Authorized Dealer/ Authorized Agent,In effect,11.524598,104.826706,PNPA064 | Prey Pring Khang Tboung 2 | Prey Pring Khang Tboung 2 | 0976639839 | PNPP001 | Phnom Penh Branch | Phnom Penh Branch | Agent
PNPA065,PNPA065,Ou Ruessei Ti Pir Phum 2,Ou Ruessei Ti Pir Phum 2,Ou Ruessei Ti Pir Phum 2,0977030003,0977030003,0886479090,PNPP014,Phnom Penh Branch 14,Phnom Penh Branch 14,Agent,Agent,Authorized Dealer/ Authorized Agent,In effect,11.565177,104.914885,PNPA065 | Ou Ruessei Ti Pir Phum 2 | Ou Ruessei Ti Pir Phum 2 | 0977030003 | PNPP014 | Phnom Penh Branch 14 | Phnom Penh Branch 14 | Agent
PNPA069,PNPA069,Ou Baek K am,Ou Baek K am,Ou Baek K am,068389888,068389888,0886479090,PNPP001,Phnom Penh Branch,Phnom Penh Branch,Agent,Agent,Authorized Dealer/ Authorized Agent,In effect,11.5524,104.8851,PNPA069 | Ou Baek K am | Ou Baek K am | 068389888 | PNPP001 | Phnom Penh Branch | Phnom Penh Branch | Agent
PNPA070,PNPA070,Nirouth,Nirouth,Nirouth,068362286,068362286,0886479090,PNPP001,Phnom Penh Branch,Phnom Penh Branch,Agent,Agent,Authorized Dealer/ Authorized Agent,In effect,11.519818,104.945927,PNPA070 | Nirouth | Nirouth | 068362286 | PNPP001 | Phnom Penh Branch | Phnom Penh Branch | Agent
PNPA071,PNPA071,Chong Khsach,Chong Khsach,Chong Khsach,015604030,015604030,0886479090,PNPP001,Phnom Penh Branch,Phnom Penh Branch,Agent,Agent,Authorized Dealer/ Authorized Agent,In effect,104.915295,11.588579,PNPA071 | Chong Khsach | Chong Khsach | 015604030 | PNPP001 | Phnom Penh Branch | Phnom Penh Branch | Agent
PNPA072,PNPA072,Phsar Toch,Phsar Toch,Phsar Toch,089966655,089966655,0886479090,PNPP001,Phnom Penh Branch,Phnom Penh Branch,Agent,Agent,Authorized Dealer/ Authorized Agent,In effect,104.907171,11.590341,PNPA072 | Phsar Toch | Phsar Toch | 089966655 | PNPP001 | Phnom Penh Branch | Phnom Penh Branch | Agent
PNPA073,PNPA073,Phsar Depou Ti Pir Phum 2,Phsar Depou Ti Pir Phum 2,Phsar Depou Ti Pir Phum 2,060243536,060243536,0886479090,PNPP001,Phnom Penh Branch,Phnom Penh Branch,Agent,Agent,Authorized Dealer/ Authorized Agent,In effect,11.566332,104.905016,PNPA073 | Phsar Depou Ti Pir Phum 2 | Phsar Depou Ti Pir Phum 2 | 060243536 | PNPP001 | Phnom Penh Branch | Phnom Penh Branch | Agent
PNPA074,PNPA074,Tuek Thla,Tuek Thla,Tuek Thla,066366789,066366789,0886479090,PNPP001,Phnom Penh Branch,Phnom Penh Branch,Agent,Agent,Authorized Dealer/ Authorized Agent,In effect,11.5576,104.8686,PNPA074 | Tuek Thla | Tuek Thla | 066366789 | PNPP001 | Phnom Penh Branch | Phnom Penh Branch | Agent
PNPA079,PNPA079,Kab Phluk,Kab Phluk,Kab Phluk,0975203928,0975203928,0886479090,PNPP001,Phnom Penh Branch,Phnom Penh Branch,Agent,Agent,Authorized Dealer/ Authorized Agent,In effect,11.502116,104.806126,PNPA079 | Kab Phluk | Kab Phluk | 0975203928 | PNPP001 | Phnom Penh Branch | Phnom Penh Branch | Agent
PNPA080,PNPA080,Phleung Chheh Roteh,Phleung Chheh Roteh,Phleung Chheh Roteh,0975790001,0975790001,0886479090,PNPP001,Phnom Penh Branch,Phnom Penh Branch,Agent,Agent,Authorized Dealer/ Authorized Agent,In effect,11.491788,104.81429,PNPA080 | Phleung Chheh Roteh | Phleung Chheh Roteh | 0975790001 | PNPP001 | Phnom Penh Branch | Phnom Penh Branch | Agent
PNPA081,PNPA081,Phsar Thmei Ti Bei Phum 3,Phsar Thmei Ti Bei Phum 3,Phsar Thmei Ti Bei Phum 3,0979700868,0979700868,0886479090,PNPP001,Phnom Penh Branch,Phnom Penh Branch,Agent,Agent,Authorized Dealer/ Authorized Agent,In effect,11.565271,104.923624,PNPA081 | Phsar Thmei Ti Bei Phum 3 | Phsar Thmei Ti Bei Phum 3 | 0979700868 | PNPP001 | Phnom Penh Branch | Phnom Penh Branch | Agent
PNPA086,PNPA086,Tep Phon,Tep Phon,Tep Phon,068579757,068579757,0886479090,PNPP001,Phnom Penh Branch,Phnom Penh Branch,Agent,Agent,Authorized Dealer/ Authorized Agent,In effect,11.56302387,104.909703,PNPA086 | Tep Phon | Tep Phon | 068579757 | PNPP001 | Phnom Penh Branch | Phnom Penh Branch | Agent
PNPA087,PNPA087,Boeng Tumpun Ti Muoy,Boeng Tumpun Ti Muoy,Boeng Tumpun Ti Muoy,060673337,060673337,0886479090,PNPP001,Phnom Penh Branch,Phnom Penh Branch,Agent,Agent,Authorized Dealer/ Authorized Agent,In effect,11.530862,104.912548,PNPA087 | Boeng Tumpun Ti Muoy | Boeng Tumpun Ti Muoy | 060673337 | PNPP001 | Phnom Penh Branch | Phnom Penh Branch | Agent
PNPA088,PNPA088,Chaom Chau Ti Bei 02,Chaom Chau Ti Bei 02,Chaom Chau Ti Bei 02,066778278,066778278,0886479090,PNPP001,Phnom Penh Branch,Phnom Penh Branch,Agent,Agent,Authorized Dealer/ Authorized Agent,In effect,11.537322,104.815671,PNPA088 | Chaom Chau Ti Bei 02 | Chaom Chau Ti Bei 02 | 066778278 | PNPP001 | Phnom Penh Branch | Phnom Penh Branch | Agent
PNPA091,PNPA091,Chaom Chau 2 Phum 1,Chaom Chau 2 Phum 1,Chaom Chau 2 Phum 1,0882597401,0882597401,0886479090,PNPP001,Phnom Penh Branch,Phnom Penh Branch,Agent,Agent,Authorized Dealer/ Authorized Agent,In effect,11.52026,104.806014,PNPA091 | Chaom Chau 2 Phum 1 | Chaom Chau 2 Phum 1 | 0882597401 | PNPP001 | Phnom Penh Branch | Phnom Penh Branch | Agent
PNPA095,PNPA095,Wat Nirouth,Wat Nirouth,Wat Nirouth,0316888165,0316888165,0886479090,PNPP001,Phnom Penh Branch,Phnom Penh Branch,Agent,Agent,Authorized Dealer/ Authorized Agent,In effect,11.522177,104.9465878,PNPA095 | Wat Nirouth | Wat Nirouth | 0316888165 | PNPP001 | Phnom Penh Branch | Phnom Penh Branch | Agent
PNPA096,PNPA096,Tuek L ak Ti Mouy Phum 7,Tuek L ak Ti Mouy Phum 7,Tuek L ak Ti Mouy Phum 7,0973366376,0973366376,0886479090,PNPP001,Phnom Penh Branch,Phnom Penh Branch,Agent,Agent,Authorized Dealer/ Authorized Agent,In effect,11.566,104.89096,PNPA096 | Tuek L ak Ti Mouy Phum 7 | Tuek L ak Ti Mouy Phum 7 | 0973366376 | PNPP001 | Phnom Penh Branch | Phnom Penh Branch | Agent
PNPA100,PNPA100,Tuol Pongro,Tuol Pongro,Tuol Pongro,0889202999,0889202999,0886479090,PNPP001,Phnom Penh Branch,Phnom Penh Branch,Agent,Agent,Authorized Dealer/ Authorized Agent,In effect,11.513179,104.858848,PNPA100 | Tuol Pongro | Tuol Pongro | 0889202999 | PNPP001 | Phnom Penh Branch | Phnom Penh Branch | Agent
PNPP001,PNPP001,Chamkar Mon,Chamkar Mon,Chamkar Mon,0886479090,0886479090,0886479090,PNPP001,Phnom Penh Branch,Phnom Penh Branch,Post Office,Post Office,Post office,In effect,11.5498322,104.9003168,PNPP001 | Chamkar Mon | Chamkar Mon | 0886479090 | PNPP001 | Phnom Penh Branch | Phnom Penh Branch | Post Office
PNPP002,PNPP002,Mean Chey 01,Mean Chey 01,Mean Chey 01,0713951242,0713951242,0886479090,PNPP001,Phnom Penh Branch,Phnom Penh Branch,Post Office,Post Office,Post office,In effect,11.5121,104.93619,PNPP002 | Mean Chey 01 | Mean Chey 01 | 0713951242 | PNPP001 | Phnom Penh Branch | Phnom Penh Branch | Post Office
PNPP003,PNPP003,Mean Chey 02,Mean Chey 02,Mean Chey 02,0315500998,0315500998,0886479090,PNPP001,Phnom Penh Branch,Phnom Penh Branch,Post Office,Post Office,Post office,In effect,11.547075,104.884,PNPP003 | Mean Chey 02 | Mean Chey 02 | 0315500998 | PNPP001 | Phnom Penh Branch | Phnom Penh Branch | Post Office
PNPP004,PNPP004,Preaek Pnov,Preaek Pnov,Preaek Pnov,0717674227,0717674227,0886479090,PNPP001,Phnom Penh Branch,Phnom Penh Branch,Post Office,Post Office,Post office,In effect,11.6583,104.8637,PNPP004 | Preaek Pnov | Preaek Pnov | 0717674227 | PNPP001 | Phnom Penh Branch | Phnom Penh Branch | Post Office
PNPP005,PNPP005,Chbar Ampov,Chbar Ampov,Chbar Ampov,0975582123,0975582123,0886479090,PNPP001,Phnom Penh Branch,Phnom Penh Branch,Post Office,Post Office,Post office,In effect,11.5317,104.9369,PNPP005 | Chbar Ampov | Chbar Ampov | 0975582123 | PNPP001 | Phnom Penh Branch | Phnom Penh Branch | Post Office
PNPP006,PNPP006,Tuol Kouk,Tuol Kouk,Tuol Kouk,0976243981,0976243981,0886479090,PNPP001,Phnom Penh Branch,Phnom Penh Branch,Post Office,Post Office,Post office,In effect,11.5903,104.8974,PNPP006 | Tuol Kouk | Tuol Kouk | 0976243981 | PNPP001 | Phnom Penh Branch | Phnom Penh Branch | Post Office
PNPP007,PNPP007,Boeng Keng Kang,Boeng Keng Kang,Boeng Keng Kang,0977681433,0977681433,0886479090,PNPP001,Phnom Penh Branch,Phnom Penh Branch,Post Office,Post Office,Post office,In effect,11.55514,104.915931,PNPP007 | Boeng Keng Kang | Boeng Keng Kang | 0977681433 | PNPP001 | Phnom Penh Branch | Phnom Penh Branch | Post Office
PNPP008,PNPP008,Pou Saen Chey 01,Pou Saen Chey 01,Pou Saen Chey 01,0977872172,0977872172,0886479090,PNPP001,Phnom Penh Branch,Phnom Penh Branch,Post Office,Post Office,Post office,In effect,11.561082,104.853001,PNPP008 | Pou Saen Chey 01 | Pou Saen Chey 01 | 0977872172 | PNPP001 | Phnom Penh Branch | Phnom Penh Branch | Post Office
PNPP009,PNPP009,Pou Saen Chey 02,Pou Saen Chey 02,Pou Saen Chey 02,0712265139,0712265139,0886479090,PNPP001,Phnom Penh Branch,Phnom Penh Branch,Post Office,Post Office,Post office,In effect,11.5302,104.8521,PNPP009 | Pou Saen Chey 02 | Pou Saen Chey 02 | 0712265139 | PNPP001 | Phnom Penh Branch | Phnom Penh Branch | Post Office
PNPP010,PNPP010,Chraoy Chongvar,Chraoy Chongvar,Chraoy Chongvar,068288779,068288779,0886479090,PNPP001,Phnom Penh Branch,Phnom Penh Branch,Post Office,Post Office,Post office,In effect,11.6407,104.918,PNPP010 | Chraoy Chongvar | Chraoy Chongvar | 068288779 | PNPP001 | Phnom Penh Branch | Phnom Penh Branch | Post Office
PNPP011,PNPP011,Dangkao,Dangkao,Dangkao,0883331768,0883331768,0886479090,PNPP001,Phnom Penh Branch,Phnom Penh Branch,Post Office,Post Office,Post office,In effect,11.50786,104.8915,PNPP011 | Dangkao | Dangkao | 0883331768 | PNPP001 | Phnom Penh Branch | Phnom Penh Branch | Post Office
PNPP012,PNPP012,Kamboul,Kamboul,Kamboul,0886479090,0886479090,0886479090,PNPP001,Phnom Penh Branch,Phnom Penh Branch,Post Office,Post Office,Post office,In effect,11.518005,104.774501,PNPP012 | Kamboul | Kamboul | 0886479090 | PNPP001 | Phnom Penh Branch | Phnom Penh Branch | Post Office
PNPP013,PNPP013,Saen Sokh,Saen Sokh,Saen Sokh,0889432820,0889432820,0886479090,PNPP001,Phnom Penh Branch,Phnom Penh Branch,Post Office,Post Office,Post office,In effect,11.590052,104.876093,PNPP013 | Saen Sokh | Saen Sokh | 0889432820 | PNPP001 | Phnom Penh Branch | Phnom Penh Branch | Post Office
PNPP014,PNPP014,Doun Penh,Doun Penh,Doun Penh,0888985557,0888985557,0886479090,PNPP001,Phnom Penh Branch,Phnom Penh Branch,Post Office,Post Office,Post office,In effect,11.56927,104.91889,PNPP014 | Doun Penh | Doun Penh | 0888985557 | PNPP001 | Phnom Penh Branch | Phnom Penh Branch | Post Office
PNPS001,PNPS001,Phsar Thmei Ti Muoy,Phsar Thmei Ti Muoy,Phsar Thmei Ti Muoy,0886479090,0886479090,0886479090,PNPP001,Phnom Penh Branch,Phnom Penh Branch,Showroom,Showroom,Post office,In effect,11.566858,104.920799,PNPS001 | Phsar Thmei Ti Muoy | Phsar Thmei Ti Muoy | 0886479090 | PNPP001 | Phnom Penh Branch | Phnom Penh Branch | Showroom
PNPS002,PNPS002,Boeng Kak Ti Pir,Boeng Kak Ti Pir,Boeng Kak Ti Pir,0886479090,0886479090,0886479090,PNPP001,Phnom Penh Branch,Phnom Penh Branch,Showroom,Showroom,Post office,In effect,11.573333,104.897194,PNPS002 | Boeng Kak Ti Pir | Boeng Kak Ti Pir | 0886479090 | PNPP001 | Phnom Penh Branch | Phnom Penh Branch | Showroom
PNPS003,PNPS003,Nirouth,Nirouth,Nirouth,0886479090,0886479090,0886479090,PNPP001,Phnom Penh Branch,Phnom Penh Branch,Showroom,Showroom,Post office,In effect,11.531241,104.941846,PNPS003 | Nirouth | Nirouth | 0886479090 | PNPP001 | Phnom Penh Branch | Phnom Penh Branch | Showroom
PNPS004,PNPS004,Tuek Thla,Tuek Thla,Tuek Thla,0886479090,0886479090,0886479090,PNPP001,Phnom Penh Branch,Phnom Penh Branch,Showroom,Showroom,Post office,In effect,11.562672,104.877815,PNPS004 | Tuek Thla | Tuek Thla | 0886479090 | PNPP001 | Phnom Penh Branch | Phnom Penh Branch | Showroom
PNPS005,PNPS005,Chaom Chau Ti Muoy 01,Chaom Chau Ti Muoy 01,Chaom Chau Ti Muoy 01,0886479090,0886479090,0886479090,PNPP001,Phnom Penh Branch,Phnom Penh Branch,Showroom,Showroom,Post office,In effect,11.532352,104.832526,PNPS005 | Chaom Chau Ti Muoy 01 | Chaom Chau Ti Muoy 01 | 0886479090 | PNPP001 | Phnom Penh Branch | Phnom Penh Branch | Showroom
PNPS006,PNPS006,Srah Chak,Srah Chak,Srah Chak,0886479090,0886479090,0886479090,PNPP001,Phnom Penh Branch,Phnom Penh Branch,Showroom,Showroom,Post office,In effect,11.585659,104.915881,PNPS006 | Srah Chak | Srah Chak | 0886479090 | PNPP001 | Phnom Penh Branch | Phnom Penh Branch | Showroom
PNPS007,PNPS007,Tuol Svay Prey Ti Pir,Tuol Svay Prey Ti Pir,Tuol Svay Prey Ti Pir,0886479090,0886479090,0886479090,PNPP001,Phnom Penh Branch,Phnom Penh Branch,Showroom,Showroom,Post office,In effect,11.550046,104.904741,PNPS007 | Tuol Svay Prey Ti Pir | Tuol Svay Prey Ti Pir | 0886479090 | PNPP001 | Phnom Penh Branch | Phnom Penh Branch | Showroom
PNPS008,PNPS008,Chaom Chau Ti Muoy 02,Chaom Chau Ti Muoy 02,Chaom Chau Ti Muoy 02,0886479090,0886479090,0886479090,PNPP001,Phnom Penh Branch,Phnom Penh Branch,Showroom,Showroom,Post office,In effect,11.532598,104.870151,PNPS008 | Chaom Chau Ti Muoy 02 | Chaom Chau Ti Muoy 02 | 0886479090 | PNPP001 | Phnom Penh Branch | Phnom Penh Branch | Showroom
PRE040,PRE040,Pea REANG,Pea REANG,Pea REANG,0717740101,0717740101,0712930022,PREP001,Prey Veng,Prey Veng,Agent,Agent,Authorized Dealer/ Authorized Agent,In effect,11.707276,105.15678,PRE040 | Pea REANG | Pea REANG | 0717740101 | PREP001 | Prey Veng | Prey Veng | Agent
PREA001,PREA001,Prey Pnov 01,Prey Pnov 01,Prey Pnov 01,0888814399,0888814399,0712930022,PREP001,Prey Veng,Prey Veng,Agent,Agent,Authorized Dealer/ Authorized Agent,In effect,11.611617,105.367041,PREA001 | Prey Pnov 01 | Prey Pnov 01 | 0888814399 | PREP001 | Prey Veng | Prey Veng | Agent
PREA002,PREA002,Prey Kanlaong,Prey Kanlaong,Prey Kanlaong,0888864046,0888864046,0712930022,PREP001,Prey Veng,Prey Veng,Agent,Agent,Authorized Dealer/ Authorized Agent,In effect,11.548952,105.321298,PREA002 | Prey Kanlaong | Prey Kanlaong | 0888864046 | PREP001 | Prey Veng | Prey Veng | Agent
PREA003,PREA003,Svay Antor 01,Svay Antor 01,Svay Antor 01,0888881669,0888881669,0712930022,PREP001,Prey Veng,Prey Veng,Agent,Agent,Authorized Dealer/ Authorized Agent,In effect,11.571646,105.420105,PREA003 | Svay Antor 01 | Svay Antor 01 | 0888881669 | PREP001 | Prey Veng | Prey Veng | Agent
PREA004,PREA004,Svay Antor 02,Svay Antor 02,Svay Antor 02,0977610036,0977610036,0712930022,PREP001,Prey Veng,Prey Veng,Agent,Agent,Authorized Dealer/ Authorized Agent,In effect,11.59789,105.420474,PREA004 | Svay Antor 02 | Svay Antor 02 | 0977610036 | PREP001 | Prey Veng | Prey Veng | Agent
PREA005,PREA005,Preaek Ta Sar,Preaek Ta Sar,Preaek Ta Sar,0718880188,0718880188,0712930022,PREP001,Prey Veng,Prey Veng,Agent,Agent,Authorized Dealer/ Authorized Agent,In effect,11.5544,105.127824,PREA005 | Preaek Ta Sar | Preaek Ta Sar | 0718880188 | PREP001 | Prey Veng | Prey Veng | Agent
PREA006,PREA006,Prey Daeum Thnoeng,Prey Daeum Thnoeng,Prey Daeum Thnoeng,0975161696,0975161696,0712930022,PREP001,Prey Veng,Prey Veng,Agent,Agent,Authorized Dealer/ Authorized Agent,In effect,11.775516,105.369815,PREA006 | Prey Daeum Thnoeng | Prey Daeum Thnoeng | 0975161696 | PREP001 | Prey Veng | Prey Veng | Agent
PREA007,PREA007,Roka,Roka,Roka,0887923737,0887923737,0712930022,PREP001,Prey Veng,Prey Veng,Agent,Agent,Authorized Dealer/ Authorized Agent,In effect,11.664424,105.225004,PREA007 | Roka | Roka | 0887923737 | PREP001 | Prey Veng | Prey Veng | Agent
PREA008,PREA008,Prey Pnov 02,Prey Pnov 02,Prey Pnov 02,068663933,068663933,0712930022,PREP001,Prey Veng,Prey Veng,Agent,Agent,Authorized Dealer/ Authorized Agent,In effect,11.648247,105.34067,PREA008 | Prey Pnov 02 | Prey Pnov 02 | 068663933 | PREP001 | Prey Veng | Prey Veng | Agent
PREA009,PREA009,Smaong Khang Cheung,Smaong Khang Cheung,Smaong Khang Cheung,0717764777,0717764777,0712930022,PREP001,Prey Veng,Prey Veng,Agent,Agent,Authorized Dealer/ Authorized Agent,In effect,11.553368,105.600953,PREA009 | Smaong Khang Cheung | Smaong Khang Cheung | 0717764777 | PREP001 | Prey Veng | Prey Veng | Agent
PREA010,PREA010,Tnaot,Tnaot,Tnaot,0716638822,0716638822,0712930022,PREP001,Prey Veng,Prey Veng,Agent,Agent,Authorized Dealer/ Authorized Agent,In effect,11.743958,105.530275,PREA010 | Tnaot | Tnaot | 0716638822 | PREP001 | Prey Veng | Prey Veng | Agent
PREA011,PREA011,Kranhung,Kranhung,Kranhung,0979227625,0979227625,0712930022,PREP001,Prey Veng,Prey Veng,Agent,Agent,Authorized Dealer/ Authorized Agent,In effect,11.575922,105.662392,PREA011 | Kranhung | Kranhung | 0979227625 | PREP001 | Prey Veng | Prey Veng | Agent
PREA012,PREA012,Chres 01,Chres 01,Chres 01,0713644302,0713644302,0712930022,PREP001,Prey Veng,Prey Veng,Agent,Agent,Authorized Dealer/ Authorized Agent,In effect,11.342191,105.622593,PREA012 | Chres 01 | Chres 01 | 0713644302 | PREP001 | Prey Veng | Prey Veng | Agent
PREA013,PREA013,Prasat,Prasat,Prasat,0314262232,0314262232,0712930022,PREP001,Prey Veng,Prey Veng,Agent,Agent,Authorized Dealer/ Authorized Agent,In effect,11.147729,105.541211,PREA013 | Prasat | Prasat | 0314262232 | PREP001 | Prey Veng | Prey Veng | Agent
PREA014,PREA014,Angkor Sar,Angkor Sar,Angkor Sar,0887732183,0887732183,0712930022,PREP001,Prey Veng,Prey Veng,Agent,Agent,Authorized Dealer/ Authorized Agent,In effect,11.268447,105.667765,PREA014 | Angkor Sar | Angkor Sar | 0887732183 | PREP001 | Prey Veng | Prey Veng | Agent
PREA015,PREA015,Banteay Chakrei 01,Banteay Chakrei 01,Banteay Chakrei 01,090348958,090348958,0712930022,PREP001,Prey Veng,Prey Veng,Agent,Agent,Authorized Dealer/ Authorized Agent,In effect,11.029347,105.378702,PREA015 | Banteay Chakrei 01 | Banteay Chakrei 01 | 090348958 | PREP001 | Prey Veng | Prey Veng | Agent
PREA016,PREA016,Boeng Preah,Boeng Preah,Boeng Preah,0716909494,0716909494,0712930022,PREP001,Prey Veng,Prey Veng,Agent,Agent,Authorized Dealer/ Authorized Agent,In effect,11.325107,105.440185,PREA016 | Boeng Preah | Boeng Preah | 0716909494 | PREP001 | Prey Veng | Prey Veng | Agent
PREA017,PREA017,Preaek Khsay Kha,Preaek Khsay Kha,Preaek Khsay Kha,090236222,090236222,0712930022,PREP001,Prey Veng,Prey Veng,Agent,Agent,Authorized Dealer/ Authorized Agent,In effect,11.263423,105.284942,PREA017 | Preaek Khsay Kha | Preaek Khsay Kha | 090236222 | PREP001 | Prey Veng | Prey Veng | Agent
PREA018,PREA018,Prey Totueng,Prey Totueng,Prey Totueng,0978381594,0978381594,0712930022,PREP001,Prey Veng,Prey Veng,Agent,Agent,Authorized Dealer/ Authorized Agent,In effect,11.39061,105.609572,PREA018 | Prey Totueng | Prey Totueng | 0978381594 | PREP001 | Prey Veng | Prey Veng | Agent
PREA019,PREA019,Kampong Trabaek,Kampong Trabaek,Kampong Trabaek,0978993411,0978993411,0712930022,PREP001,Prey Veng,Prey Veng,Agent,Agent,Authorized Dealer/ Authorized Agent,In effect,11.142464,105.482792,PREA019 | Kampong Trabaek | Kampong Trabaek | 0978993411 | PREP001 | Prey Veng | Prey Veng | Agent
PREA020,PREA020,Angkor Reach,Angkor Reach,Angkor Reach,0978931026,0978931026,0712930022,PREP001,Prey Veng,Prey Veng,Agent,Agent,Authorized Dealer/ Authorized Agent,In effect,11.095309,105.384188,PREA020 | Angkor Reach | Angkor Reach | 0978931026 | PREP001 | Prey Veng | Prey Veng | Agent
PREA021,PREA021,Banteay Chakrei 02,Banteay Chakrei 02,Banteay Chakrei 02,0714884338,0714884338,0712930022,PREP001,Prey Veng,Prey Veng,Agent,Agent,Authorized Dealer/ Authorized Agent,In effect,10.966321,105.42245,PREA021 | Banteay Chakrei 02 | Banteay Chakrei 02 | 0714884338 | PREP001 | Prey Veng | Prey Veng | Agent
PREA022,PREA022,Chres 02,Chres 02,Chres 02,0979060115,0979060115,0712930022,PREP001,Prey Veng,Prey Veng,Agent,Agent,Authorized Dealer/ Authorized Agent,In effect,11.352907,105.646832,PREA022 | Chres 02 | Chres 02 | 0979060115 | PREP001 | Prey Veng | Prey Veng | Agent
PREA023,PREA023,Peam Ro,Peam Ro,Peam Ro,0314440002,0314440002,0712930022,PREP001,Prey Veng,Prey Veng,Agent,Agent,Authorized Dealer/ Authorized Agent,In effect,11.32042,105.283219,PREA023 | Peam Ro | Peam Ro | 0314440002 | PREP001 | Prey Veng | Prey Veng | Agent
PREA024,PREA024,Chheu Kach,Chheu Kach,Chheu Kach,0315555262,0315555262,0712930022,PREP001,Prey Veng,Prey Veng,Agent,Agent,Authorized Dealer/ Authorized Agent,In effect,11.256568,105.400833,PREA024 | Chheu Kach | Chheu Kach | 0315555262 | PREP001 | Prey Veng | Prey Veng | Agent
PREA025,PREA025,Peam Muntear,Peam Muntear,Peam Muntear,0712220180,0712220180,0712930022,PREP001,Prey Veng,Prey Veng,Agent,Agent,Authorized Dealer/ Authorized Agent,In effect,11.008778,105.464324,PREA025 | Peam Muntear | Peam Muntear | 0712220180 | PREP001 | Prey Veng | Prey Veng | Agent
PREA026,PREA026,Prey Tueng,Prey Tueng,Prey Tueng,0314874949,0314874949,0712930022,PREP001,Prey Veng,Prey Veng,Agent,Agent,Authorized Dealer/ Authorized Agent,In effect,11.739997,105.372161,PREA026 | Prey Tueng | Prey Tueng | 0314874949 | PREP001 | Prey Veng | Prey Veng | Agent
PREA027,PREA027,CHHEANG SEANGKHIN,CHHEANG SEANGKHIN,CHHEANG SEANGKHIN,090772299,090772299,0712930022,PREP001,Prey Veng,Prey Veng,Agent,Agent,Authorized Dealer/ Authorized Agent,In effect,11.31939,105.399572,PREA027 | CHHEANG SEANGKHIN | CHHEANG SEANGKHIN | 090772299 | PREP001 | Prey Veng | Prey Veng | Agent
PREA028,PREA028,Sao Raksmey,Sao Raksmey,Sao Raksmey,0972706439,0972706439,0712930022,PREP001,Prey Veng,Prey Veng,Agent,Agent,Authorized Dealer/ Authorized Agent,In effect,11.84313,105.370159,PREA028 | Sao Raksmey | Sao Raksmey | 0972706439 | PREP001 | Prey Veng | Prey Veng | Agent
PREA029,PREA029,Kampong Soeng,Kampong Soeng,Kampong Soeng,0884653111,0884653111,0712930022,PREP001,Prey Veng,Prey Veng,Agent,Agent,Authorized Dealer/ Authorized Agent,In effect,11.215623,105.347501,PREA029 | Kampong Soeng | Kampong Soeng | 0884653111 | PREP001 | Prey Veng | Prey Veng | Agent
PREA030,PREA030,Me Sang,Me Sang,Me Sang,0317000006,0317000006,0712930022,PREP001,Prey Veng,Prey Veng,Agent,Agent,Authorized Dealer/ Authorized Agent,In effect,11.327182,105.541394,PREA030 | Me Sang | Me Sang | 0317000006 | PREP001 | Prey Veng | Prey Veng | Agent
PREA031,PREA031,Kampong Trabaek,Kampong Trabaek,Kampong Trabaek,0889916636,0889916636,0712930022,PREP001,Prey Veng,Prey Veng,Agent,Agent,Authorized Dealer/ Authorized Agent,In effect,11.197135,105.515982,PREA031 | Kampong Trabaek | Kampong Trabaek | 0889916636 | PREP001 | Prey Veng | Prey Veng | Agent
PREA032,PREA032,Peam Ro,Peam Ro,Peam Ro,0884311255,0884311255,0712930022,PREP001,Prey Veng,Prey Veng,Agent,Agent,Authorized Dealer/ Authorized Agent,In effect,11.343899,105.305749,PREA032 | Peam Ro | Peam Ro | 0884311255 | PREP001 | Prey Veng | Prey Veng | Agent
PREA033,PREA033,Svay Antor,Svay Antor,Svay Antor,0716334505,0716334505,0712930022,PREP001,Prey Veng,Prey Veng,Agent,Agent,Authorized Dealer/ Authorized Agent,In effect,11.462464,105.498355,PREA033 | Svay Antor | Svay Antor | 0716334505 | PREP001 | Prey Veng | Prey Veng | Agent
PREA034,PREA034,Kamchay Mear,Kamchay Mear,Kamchay Mear,0712897000,0712897000,0712930022,PREP001,Prey Veng,Prey Veng,Agent,Agent,Authorized Dealer/ Authorized Agent,In effect,11.62477,105.761708,PREA034 | Kamchay Mear | Kamchay Mear | 0712897000 | PREP001 | Prey Veng | Prey Veng | Agent
PREA035,PREA035,Preach Sdach,Preach Sdach,Preach Sdach,066699942,066699942,0712930022,PREP001,Prey Veng,Prey Veng,Agent,Agent,Authorized Dealer/ Authorized Agent,In effect,10.974233,105.36526,PREA035 | Preach Sdach | Preach Sdach | 066699942 | PREP001 | Prey Veng | Prey Veng | Agent
PREA036,PREA036,Preach Sdach,Preach Sdach,Preach Sdach,0977752906,0977752906,0712930022,PREP001,Prey Veng,Prey Veng,Agent,Agent,Authorized Dealer/ Authorized Agent,In effect,11.110392,105.313643,PREA036 | Preach Sdach | Preach Sdach | 0977752906 | PREP001 | Prey Veng | Prey Veng | Agent
PREA037,PREA037,Preach Sdach,Preach Sdach,Preach Sdach,0888897456,0888897456,0712930022,PREP001,Prey Veng,Prey Veng,Agent,Agent,Authorized Dealer/ Authorized Agent,In effect,11.093123,105.434534,PREA037 | Preach Sdach | Preach Sdach | 0888897456 | PREP001 | Prey Veng | Prey Veng | Agent
PREA038,PREA038,Svay Antor,Svay Antor,Svay Antor,0718000166,0718000166,0712930022,PREP001,Prey Veng,Prey Veng,Agent,Agent,Authorized Dealer/ Authorized Agent,In effect,11.494037,105.531945,PREA038 | Svay Antor | Svay Antor | 0718000166 | PREP001 | Prey Veng | Prey Veng | Agent
PREA039,PREA039,Kanhchriech,Kanhchriech,Kanhchriech,0319800009,0319800009,0712930022,PREP001,Prey Veng,Prey Veng,Agent,Agent,Authorized Dealer/ Authorized Agent,In effect,11.689623,105.562573,PREA039 | Kanhchriech | Kanhchriech | 0319800009 | PREP001 | Prey Veng | Prey Veng | Agent
PREA041,PREA041,Peam Chor,Peam Chor,Peam Chor,0886475724,0886475724,0712930022,PREP001,Prey Veng,Prey Veng,Agent,Agent,Authorized Dealer/ Authorized Agent,In effect,10.918399,105.198258,PREA041 | Peam Chor | Peam Chor | 0886475724 | PREP001 | Prey Veng | Prey Veng | Agent
PREA042,PREA042,Pur Rieng,Pur Rieng,Pur Rieng,0315997878,0315997878,0712930022,PREP001,Prey Veng,Prey Veng,Agent,Agent,Authorized Dealer/ Authorized Agent,In effect,11.581067,105.215352,PREA042 | Pur Rieng | Pur Rieng | 0315997878 | PREP001 | Prey Veng | Prey Veng | Agent
PREA043,PREA043,Peam Chor,Peam Chor,Peam Chor,0977936366,0977936366,0712930022,PREP001,Prey Veng,Prey Veng,Agent,Agent,Authorized Dealer/ Authorized Agent,In effect,11.012365,105.266483,PREA043 | Peam Chor | Peam Chor | 0977936366 | PREP001 | Prey Veng | Prey Veng | Agent
PREA044,PREA044,Pea Reang,Pea Reang,Pea Reang,0886340555,0886340555,0712930022,PREP001,Prey Veng,Prey Veng,Agent,Agent,Authorized Dealer/ Authorized Agent,In effect,11.64663,105.124823,PREA044 | Pea Reang | Pea Reang | 0886340555 | PREP001 | Prey Veng | Prey Veng | Agent
PREA045,PREA045,Kampong Trabaek,Kampong Trabaek,Kampong Trabaek,0312333800,0312333800,0712930022,PREP001,Prey Veng,Prey Veng,Agent,Agent,Authorized Dealer/ Authorized Agent,In effect,11.037726,105.56206,PREA045 | Kampong Trabaek | Kampong Trabaek | 0312333800 | PREP001 | Prey Veng | Prey Veng | Agent
PREA046,PREA046,Kampong Trabaek,Kampong Trabaek,Kampong Trabaek,0314938899,0314938899,0712930022,PREP001,Prey Veng,Prey Veng,Agent,Agent,Authorized Dealer/ Authorized Agent,In effect,10.986465,105.553532,PREA046 | Kampong Trabaek | Kampong Trabaek | 0314938899 | PREP001 | Prey Veng | Prey Veng | Agent
PREA050,PREA050,Pea Reang,Pea Reang,Pea Reang,0314444773,0314444773,0712930022,PREP001,Prey Veng,Prey Veng,Agent,Agent,Authorized Dealer/ Authorized Agent,In effect,11.705862,105.303983,PREA050 | Pea Reang | Pea Reang | 0314444773 | PREP001 | Prey Veng | Prey Veng | Agent
PREP001,PREP001,Prey Veng,Prey Veng,Prey Veng,0712930022,0712930022,0712930022,PREP001,Prey Veng,Prey Veng,Post Office,Post Office,Post office,In effect,11.4895,105.329192,PREP001 | Prey Veng | Prey Veng | 0712930022 | PREP001 | Prey Veng | Prey Veng | Post Office
PRES001,PRES001,Kampong Leav,Kampong Leav,Kampong Leav,0973330402,0973330402,0712930022,PREP001,Prey Veng,Prey Veng,Showroom,Showroom,Post office,In effect,11.486712,105.326166,PRES001 | Kampong Leav | Kampong Leav | 0973330402 | PREP001 | Prey Veng | Prey Veng | Showroom
PRES002,PRES002,Preaek Khsay Kha,Preaek Khsay Kha,Preaek Khsay Kha,0889401311,0889401311,0712930022,PREP001,Prey Veng,Prey Veng,Showroom,Showroom,Post office,In effect,11.261454,105.289131,PRES002 | Preaek Khsay Kha | Preaek Khsay Kha | 0889401311 | PREP001 | Prey Veng | Prey Veng | Showroom
PRES003,PRES003,Chheu Kach,Chheu Kach,Chheu Kach,0712930022,0712930022,0712930022,PREP001,Prey Veng,Prey Veng,Showroom,Showroom,Post office,In effect,11.256791,105.400789,PRES003 | Chheu Kach | Chheu Kach | 0712930022 | PREP001 | Prey Veng | Prey Veng | Showroom
PRES004,PRES004,Chheu Kach,Chheu Kach,Chheu Kach,068406208,068406208,0712930022,PREP001,Prey Veng,Prey Veng,Showroom,Showroom,Post office,In effect,11.256732,105.400851,PRES004 | Chheu Kach | Chheu Kach | 068406208 | PREP001 | Prey Veng | Prey Veng | Showroom
PRES005,PRES005,Roka,Roka,Roka,0973856137,0973856137,0712930022,PREP001,Prey Veng,Prey Veng,Showroom,Showroom,Post office,In effect,11.663987,105.221573,PRES005 | Roka | Roka | 0973856137 | PREP001 | Prey Veng | Prey Veng | Showroom
PRHA001,PRHA001,Pal Hal,Pal Hal,Pal Hal,0972269860,0972269860,0974477281,PRHP001,Preah Vihear,Preah Vihear,Agent,Agent,Authorized Dealer/ Authorized Agent,In effect,13.737871,104.978647,PRHA001 | Pal Hal | Pal Hal | 0972269860 | PRHP001 | Preah Vihear | Preah Vihear | Agent
PRHA002,PRHA002,Toek Kraham,Toek Kraham,Toek Kraham,0974833461,0974833461,0974477281,PRHP001,Preah Vihear,Preah Vihear,Agent,Agent,Authorized Dealer/ Authorized Agent,In effect,14.148894,105.082134,PRHA002 | Toek Kraham | Toek Kraham | 0974833461 | PRHP001 | Preah Vihear | Preah Vihear | Agent
PRHA003,PRHA003,Rumdaoh Srae,Rumdaoh Srae,Rumdaoh Srae,066286770,066286770,0974477281,PRHP001,Preah Vihear,Preah Vihear,Agent,Agent,Authorized Dealer/ Authorized Agent,In effect,14.171889,104.787173,PRHA003 | Rumdaoh Srae | Rumdaoh Srae | 066286770 | PRHP001 | Preah Vihear | Preah Vihear | Agent
PRHA004,PRHA004,Kantuot,Kantuot,Kantuot,0889903333,0889903333,0974477281,PRHP001,Preah Vihear,Preah Vihear,Agent,Agent,Authorized Dealer/ Authorized Agent,In effect,14.238194,104.728915,PRHA004 | Kantuot | Kantuot | 0889903333 | PRHP001 | Preah Vihear | Preah Vihear | Agent
PRHA005,PRHA005,Kuleaen Tboung,Kuleaen Tboung,Kuleaen Tboung,0313309030,0313309030,0974477281,PRHP001,Preah Vihear,Preah Vihear,Agent,Agent,Authorized Dealer/ Authorized Agent,In effect,13.818537,104.702415,PRHA005 | Kuleaen Tboung | Kuleaen Tboung | 0313309030 | PRHP001 | Preah Vihear | Preah Vihear | Agent
PRHA006,PRHA006,Choam Khsan,Choam Khsan,Choam Khsan,0316692222,0316692222,0974477281,PRHP001,Preah Vihear,Preah Vihear,Agent,Agent,Authorized Dealer/ Authorized Agent,In effect,14.220675,104.943625,PRHA006 | Choam Khsan | Choam Khsan | 0316692222 | PRHP001 | Preah Vihear | Preah Vihear | Agent
PRHA007,PRHA007,Kampong Sralau Pir,Kampong Sralau Pir,Kampong Sralau Pir,0977477105,0977477105,0974477281,PRHP001,Preah Vihear,Preah Vihear,Agent,Agent,Authorized Dealer/ Authorized Agent,In effect,13.975337,105.848255,PRHA007 | Kampong Sralau Pir | Kampong Sralau Pir | 0977477105 | PRHP001 | Preah Vihear | Preah Vihear | Agent
PRHA008,PRHA008,Chamraeun,Chamraeun,Chamraeun,0979999660,0979999660,0974477281,PRHP001,Preah Vihear,Preah Vihear,Agent,Agent,Authorized Dealer/ Authorized Agent,In effect,13.579335,104.896452,PRHA008 | Chamraeun | Chamraeun | 0979999660 | PRHP001 | Preah Vihear | Preah Vihear | Agent
PRHA009,PRHA009,S'ang,S'ang,S'ang,0887799550,0887799550,0974477281,PRHP001,Preah Vihear,Preah Vihear,Agent,Agent,Authorized Dealer/ Authorized Agent,In effect,13.653966,105.260717,PRHA009 | S'ang | S'ang | 0887799550 | PRHP001 | Preah Vihear | Preah Vihear | Agent
PRHA010,PRHA010,Preah Khleang,Preah Khleang,Preah Khleang,0883220036,0883220036,0974477281,PRHP001,Preah Vihear,Preah Vihear,Agent,Agent,Authorized Dealer/ Authorized Agent,In effect,13.620566,105.030259,PRHA010 | Preah Khleang | Preah Khleang | 0883220036 | PRHP001 | Preah Vihear | Preah Vihear | Agent
PRHA011,PRHA011,Robieb,Robieb,Robieb,0972123227,0972123227,0974477281,PRHP001,Preah Vihear,Preah Vihear,Agent,Agent,Authorized Dealer/ Authorized Agent,In effect,13.357681,105.114889,PRHA011 | Robieb | Robieb | 0972123227 | PRHP001 | Preah Vihear | Preah Vihear | Agent
PRHA012,PRHA012,Chhaeb Muoy,Chhaeb Muoy,Chhaeb Muoy,0977268488,0977268488,0974477281,PRHP001,Preah Vihear,Preah Vihear,Agent,Agent,Authorized Dealer/ Authorized Agent,In effect,13.768454,105.408876,PRHA012 | Chhaeb Muoy | Chhaeb Muoy | 0977268488 | PRHP001 | Preah Vihear | Preah Vihear | Agent
PRHA013,PRHA013,Rummeakney,Rummeakney,Rummeakney,0312353506,0312353506,0974477281,PRHP001,Preah Vihear,Preah Vihear,Agent,Agent,Authorized Dealer/ Authorized Agent,In effect,13.304101,105.002355,PRHA013 | Rummeakney | Rummeakney | 0312353506 | PRHP001 | Preah Vihear | Preah Vihear | Agent
PRHA015,PRHA015,Phnum Tbaeng Pir,Phnum Tbaeng Pir,Phnum Tbaeng Pir,0975434842,0975434842,0974477281,PRHP001,Preah Vihear,Preah Vihear,Agent,Agent,Authorized Dealer/ Authorized Agent,In effect,13.716508,104.77564,PRHA015 | Phnum Tbaeng Pir | Phnum Tbaeng Pir | 0975434842 | PRHP001 | Preah Vihear | Preah Vihear | Agent
PRHA016,PRHA016,Srayang,Srayang,Srayang,0882224111,0882224111,0974477281,PRHP001,Preah Vihear,Preah Vihear,Agent,Agent,Authorized Dealer/ Authorized Agent,In effect,13.705809,104.545423,PRHA016 | Srayang | Srayang | 0882224111 | PRHP001 | Preah Vihear | Preah Vihear | Agent
PRHP001,PRHP001,Preah Vihear,Preah Vihear,Preah Vihear,0974477281,0974477281,0974477281,PRHP001,Preah Vihear,Preah Vihear,Post Office,Post Office,Post office,In effect,13.794295,104.97836,PRHP001 | Preah Vihear | Preah Vihear | 0974477281 | PRHP001 | Preah Vihear | Preah Vihear | Post Office
PRHS001,PRHS001,Kampong Pranak,Kampong Pranak,Kampong Pranak,0977778830,0977778830,0974477281,PRHP001,Preah Vihear,Preah Vihear,Showroom,Showroom,Post office,In effect,13.805255,104.97862,PRHS001 | Kampong Pranak | Kampong Pranak | 0977778830 | PRHP001 | Preah Vihear | Preah Vihear | Showroom
PURA001,PURA001,Kandieng,Kandieng,Kandieng,0975599822,0975599822,0977738488,PURP001,Pursat,Pursat,Agent,Agent,Authorized Dealer/ Authorized Agent,In effect,12.584246,103.956298,PURA001 | Kandieng | Kandieng | 0975599822 | PURP001 | Pursat | Pursat | Agent
PURA002,PURA002,Srae Sdok,Srae Sdok,Srae Sdok,060382388,060382388,0977738488,PURP001,Pursat,Pursat,Agent,Agent,Authorized Dealer/ Authorized Agent,In effect,12.662178,103.94826,PURA002 | Srae Sdok | Srae Sdok | 060382388 | PURP001 | Pursat | Pursat | Agent
PURA003,PURA003,Chheu Tom,Chheu Tom,Chheu Tom,0712510096,0712510096,0977738488,PURP001,Pursat,Pursat,Agent,Agent,Authorized Dealer/ Authorized Agent,In effect,12.296662,104.174028,PURA003 | Chheu Tom | Chheu Tom | 0712510096 | PURP001 | Pursat | Pursat | Agent
PURA004,PURA004,Phteah Rung,Phteah Rung,Phteah Rung,0883656115,0883656115,0977738488,PURP001,Pursat,Pursat,Agent,Agent,Authorized Dealer/ Authorized Agent,In effect,12.423372,103.729909,PURA004 | Phteah Rung | Phteah Rung | 0883656115 | PURP001 | Pursat | Pursat | Agent
PURA005,PURA005,Sna Ansa,Sna Ansa,Sna Ansa,0977934754,0977934754,0977738488,PURP001,Pursat,Pursat,Agent,Agent,Authorized Dealer/ Authorized Agent,In effect,12.53697,104.145334,PURA005 | Sna Ansa | Sna Ansa | 0977934754 | PURP001 | Pursat | Pursat | Agent
PURA006,PURA006,Leach,Leach,Leach,0973333773,0973333773,0977738488,PURP001,Pursat,Pursat,Agent,Agent,Authorized Dealer/ Authorized Agent,In effect,12.351028,103.768345,PURA006 | Leach | Leach | 0973333773 | PURP001 | Pursat | Pursat | Agent
PURA007,PURA007,Ta Lou 01,Ta Lou 01,Ta Lou 01,0715421918,0715421918,0977738488,PURP001,Pursat,Pursat,Agent,Agent,Authorized Dealer/ Authorized Agent,In effect,12.4878,103.5941,PURA007 | Ta Lou 01 | Ta Lou 01 | 0715421918 | PURP001 | Pursat | Pursat | Agent
PURA008,PURA008,Anlung Tnaot,Anlung Tnaot,Anlung Tnaot,0974178777,0974178777,0977738488,PURP001,Pursat,Pursat,Agent,Agent,Authorized Dealer/ Authorized Agent,In effect,12.533559,104.204472,PURA008 | Anlung Tnaot | Anlung Tnaot | 0974178777 | PURP001 | Pursat | Pursat | Agent
PURA009,PURA009,Me Tuek,Me Tuek,Me Tuek,067300991,067300991,0977738488,PURP001,Pursat,Pursat,Agent,Agent,Authorized Dealer/ Authorized Agent,In effect,12.69584,103.740165,PURA009 | Me Tuek | Me Tuek | 067300991 | PURP001 | Pursat | Pursat | Agent
PURA010,PURA010,Pramaoy 01,Pramaoy 01,Pramaoy 01,0889002282,0889002282,0977738488,PURP001,Pursat,Pursat,Agent,Agent,Authorized Dealer/ Authorized Agent,In effect,12.306994,103.095853,PURA010 | Pramaoy 01 | Pramaoy 01 | 0889002282 | PURP001 | Pursat | Pursat | Agent
PURA011,PURA011,Pramaoy 02,Pramaoy 02,Pramaoy 02,0884370168,0884370168,0977738488,PURP001,Pursat,Pursat,Agent,Agent,Authorized Dealer/ Authorized Agent,In effect,12.355181,103.469557,PURA011 | Pramaoy 02 | Pramaoy 02 | 0884370168 | PURP001 | Pursat | Pursat | Agent
PURA012,PURA012,Ou Ta Paong,Ou Ta Paong,Ou Ta Paong,0977395398,0977395398,0977738488,PURP001,Pursat,Pursat,Agent,Agent,Authorized Dealer/ Authorized Agent,In effect,12.660656,103.670925,PURA012 | Ou Ta Paong | Ou Ta Paong | 0977395398 | PURP001 | Pursat | Pursat | Agent
PURA013,PURA013,Ou Saom,Ou Saom,Ou Saom,0889469666,0889469666,0977738488,PURP001,Pursat,Pursat,Agent,Agent,Authorized Dealer/ Authorized Agent,In effect,12.080807,103.205989,PURA013 | Ou Saom | Ou Saom | 0889469666 | PURP001 | Pursat | Pursat | Agent
PURA014,PURA014,Snam Preah,Snam Preah,Snam Preah,0976632663,0976632663,0977738488,PURP001,Pursat,Pursat,Agent,Agent,Authorized Dealer/ Authorized Agent,In effect,12.626963,103.836676,PURA014 | Snam Preah | Snam Preah | 0976632663 | PURP001 | Pursat | Pursat | Agent
PURA015,PURA015,Ou Sandan,Ou Sandan,Ou Sandan,0977990073,0977990073,0977738488,PURP001,Pursat,Pursat,Agent,Agent,Authorized Dealer/ Authorized Agent,In effect,12.557407,104.114851,PURA015 | Ou Sandan | Ou Sandan | 0977990073 | PURP001 | Pursat | Pursat | Agent
PURA016,PURA016,Ta Lou 02,Ta Lou 02,Ta Lou 02,0966719553,0966719553,0977738488,PURP001,Pursat,Pursat,Agent,Agent,Authorized Dealer/ Authorized Agent,In effect,12.4892,103.6503,PURA016 | Ta Lou 02 | Ta Lou 02 | 0966719553 | PURP001 | Pursat | Pursat | Agent
PURA017,PURA017,Boeng Khnar,Boeng Khnar,Boeng Khnar,0713222192,0713222192,0977738488,PURP001,Pursat,Pursat,Agent,Agent,Authorized Dealer/ Authorized Agent,In effect,12.632193,103.734616,PURA017 | Boeng Khnar | Boeng Khnar | 0713222192 | PURP001 | Pursat | Pursat | Agent
PURA018,PURA018,Trapeang Chong,Trapeang Chong,Trapeang Chong,0976877444,0976877444,0977738488,PURP001,Pursat,Pursat,Agent,Agent,Authorized Dealer/ Authorized Agent,In effect,12.580989,103.737537,PURA018 | Trapeang Chong | Trapeang Chong | 0976877444 | PURP001 | Pursat | Pursat | Agent
PURP001,PURP001,Pousat,Pousat,Pousat,0977738488,0977738488,0977738488,PURP001,Pursat,Pursat,Post Office,Post Office,Post office,In effect,12.53454,103.91531,PURP001 | Pousat | Pousat | 0977738488 | PURP001 | Pursat | Pursat | Post Office
PURS001,PURS001,Phteah Prey,Phteah Prey,Phteah Prey,0977738488,0977738488,0977738488,PURP001,Pursat,Pursat,Showroom,Showroom,Post office,In effect,12.537229,103.920705,PURS001 | Phteah Prey | Phteah Prey | 0977738488 | PURP001 | Pursat | Pursat | Showroom
PURS002,PURS002,Boeng Khnar,Boeng Khnar,Boeng Khnar,0977738488,0977738488,0977738488,PURP001,Pursat,Pursat,Showroom,Showroom,Post office,In effect,12.635697,103.72688,PURS002 | Boeng Khnar | Boeng Khnar | 0977738488 | PURP001 | Pursat | Pursat | Showroom
ROTA001,ROTA001,Trapeang Chres,Trapeang Chres,Trapeang Chres,0974707171,0974707171,0972959859,ROTP001,Ratanak Kiri,Ratanak Kiri,Agent,Agent,Authorized Dealer/ Authorized Agent,In effect,13.57925,106.772128,ROTA001 | Trapeang Chres | Trapeang Chres | 0974707171 | ROTP001 | Ratanak Kiri | Ratanak Kiri | Agent
ROTA002,ROTA002,Labansiek,Labansiek,Labansiek,0975578077,0975578077,0972959859,ROTP001,Ratanak Kiri,Ratanak Kiri,Agent,Agent,Authorized Dealer/ Authorized Agent,In effect,13.739982,106.991325,ROTA002 | Labansiek | Labansiek | 0975578077 | ROTP001 | Ratanak Kiri | Ratanak Kiri | Agent
ROTA003,ROTA003,Ta Veaeng Leu,Ta Veaeng Leu,Ta Veaeng Leu,0717272436,0717272436,0972959859,ROTP001,Ratanak Kiri,Ratanak Kiri,Agent,Agent,Authorized Dealer/ Authorized Agent,In effect,14.045859,107.107888,ROTA003 | Ta Veaeng Leu | Ta Veaeng Leu | 0717272436 | ROTP001 | Ratanak Kiri | Ratanak Kiri | Agent
ROTA004,ROTA004,Keh Chong,Keh Chong,Keh Chong,0974970505,0974970505,0972959859,ROTP001,Ratanak Kiri,Ratanak Kiri,Agent,Agent,Authorized Dealer/ Authorized Agent,In effect,13.751117,107.24869,ROTA004 | Keh Chong | Keh Chong | 0974970505 | ROTP001 | Ratanak Kiri | Ratanak Kiri | Agent
ROTA005,ROTA005,Lum Choar,Lum Choar,Lum Choar,0979818199,0979818199,0972959859,ROTP001,Ratanak Kiri,Ratanak Kiri,Agent,Agent,Authorized Dealer/ Authorized Agent,In effect,13.670254,107.349959,ROTA005 | Lum Choar | Lum Choar | 0979818199 | ROTP001 | Ratanak Kiri | Ratanak Kiri | Agent
ROTA006,ROTA006,Chey Otdam 01,Chey Otdam 01,Chey Otdam 01,0977740002,0977740002,0972959859,ROTP001,Ratanak Kiri,Ratanak Kiri,Agent,Agent,Authorized Dealer/ Authorized Agent,In effect,13.486692,106.981576,ROTA006 | Chey Otdam 01 | Chey Otdam 01 | 0977740002 | ROTP001 | Ratanak Kiri | Ratanak Kiri | Agent
ROTA007,ROTA007,Malik,Malik,Malik,0974538161,0974538161,0972959859,ROTP001,Ratanak Kiri,Ratanak Kiri,Agent,Agent,Authorized Dealer/ Authorized Agent,In effect,13.865468,107.305068,ROTA007 | Malik | Malik | 0974538161 | ROTP001 | Ratanak Kiri | Ratanak Kiri | Agent
ROTA008,ROTA008,Kachanh 01,Kachanh 01,Kachanh 01,0978252640,0978252640,0972959859,ROTP001,Ratanak Kiri,Ratanak Kiri,Agent,Agent,Authorized Dealer/ Authorized Agent,In effect,13.719616,106.956511,ROTA008 | Kachanh 01 | Kachanh 01 | 0978252640 | ROTP001 | Ratanak Kiri | Ratanak Kiri | Agent
ROTA009,ROTA009,Kachanh 02,Kachanh 02,Kachanh 02,0888989883,0888989883,0972959859,ROTP001,Ratanak Kiri,Ratanak Kiri,Agent,Agent,Authorized Dealer/ Authorized Agent,In effect,13.713741,106.977345,ROTA009 | Kachanh 02 | Kachanh 02 | 0888989883 | ROTP001 | Ratanak Kiri | Ratanak Kiri | Agent
ROTA010,ROTA010,Teun,Teun,Teun,0885949079,0885949079,0972959859,ROTP001,Ratanak Kiri,Ratanak Kiri,Agent,Agent,Authorized Dealer/ Authorized Agent,In effect,13.683354,106.88182,ROTA010 | Teun | Teun | 0885949079 | ROTP001 | Ratanak Kiri | Ratanak Kiri | Agent
ROTA011,ROTA011,Chey Otdam 02,Chey Otdam 02,Chey Otdam 02,0975862533,0975862533,0972959859,ROTP001,Ratanak Kiri,Ratanak Kiri,Agent,Agent,Authorized Dealer/ Authorized Agent,In effect,13.459472,106.95973,ROTA011 | Chey Otdam 02 | Chey Otdam 02 | 0975862533 | ROTP001 | Ratanak Kiri | Ratanak Kiri | Agent
ROTA012,ROTA012,Ba Tang,Ba Tang,Ba Tang,060929929,060929929,0972959859,ROTP001,Ratanak Kiri,Ratanak Kiri,Agent,Agent,Authorized Dealer/ Authorized Agent,In effect,13.580911,106.957987,ROTA012 | Ba Tang | Ba Tang | 060929929 | ROTP001 | Ratanak Kiri | Ratanak Kiri | Agent
ROTA013,ROTA013,Ou Chum,Ou Chum,Ou Chum,0313377735,0313377735,0972959859,ROTP001,Ratanak Kiri,Ratanak Kiri,Agent,Agent,Authorized Dealer/ Authorized Agent,In effect,13.796013,106.993309,ROTA013 | Ou Chum | Ou Chum | 0313377735 | ROTP001 | Ratanak Kiri | Ratanak Kiri | Agent
ROTA014,ROTA014,Trapeang Kraham 01,Trapeang Kraham 01,Trapeang Kraham 01,0974821222,0974821222,0972959859,ROTP001,Ratanak Kiri,Ratanak Kiri,Agent,Agent,Authorized Dealer/ Authorized Agent,In effect,13.508764,106.654464,ROTA014 | Trapeang Kraham 01 | Trapeang Kraham 01 | 0974821222 | ROTP001 | Ratanak Kiri | Ratanak Kiri | Agent
ROTA015,ROTA015,Veun Sai,Veun Sai,Veun Sai,0978441069,0978441069,0972959859,ROTP001,Ratanak Kiri,Ratanak Kiri,Agent,Agent,Authorized Dealer/ Authorized Agent,In effect,13.9749,106.8164,ROTA015 | Veun Sai | Veun Sai | 0978441069 | ROTP001 | Ratanak Kiri | Ratanak Kiri | Agent
ROTA016,ROTA016,Trapeang Kraham 02,Trapeang Kraham 02,Trapeang Kraham 02,0979604499,0979604499,0972959859,ROTP001,Ratanak Kiri,Ratanak Kiri,Agent,Agent,Authorized Dealer/ Authorized Agent,In effect,13.542316,106.686128,ROTA016 | Trapeang Kraham 02 | Trapeang Kraham 02 | 0979604499 | ROTP001 | Ratanak Kiri | Ratanak Kiri | Agent
ROTA017,ROTA017,Srae Angkrong,Srae Angkrong,Srae Angkrong,0972997353,0972997353,0972959859,ROTP001,Ratanak Kiri,Ratanak Kiri,Agent,Agent,Authorized Dealer/ Authorized Agent,In effect,13.433351,106.61364,ROTA017 | Srae Angkrong | Srae Angkrong | 0972997353 | ROTP001 | Ratanak Kiri | Ratanak Kiri | Agent
ROTP001,ROTP001,Ratanakiri,Ratanakiri,Ratanakiri,0972959859,0972959859,0972959859,ROTP001,Ratanak Kiri,Ratanak Kiri,Post Office,Post Office,Post office,In effect,13.737781,106.987692,ROTP001 | Ratanakiri | Ratanakiri | 0972959859 | ROTP001 | Ratanak Kiri | Ratanak Kiri | Post Office
ROTS001,ROTS001,Labansiek,Labansiek,Labansiek,0975330962,0975330962,0972959859,ROTP001,Ratanak Kiri,Ratanak Kiri,Showroom,Showroom,Post office,In effect,13.7367,106.9864,ROTS001 | Labansiek | Labansiek | 0975330962 | ROTP001 | Ratanak Kiri | Ratanak Kiri | Showroom
ROTS002,ROTS002,La Minh,La Minh,La Minh,0977773839,0977773839,0972959859,ROTP001,Ratanak Kiri,Ratanak Kiri,Showroom,Showroom,Post office,In effect,13.686,107.2169,ROTS002 | La Minh | La Minh | 0977773839 | ROTP001 | Ratanak Kiri | Ratanak Kiri | Showroom
ROTS003,ROTS003,Boeng Kansaeng,Boeng Kansaeng,Boeng Kansaeng,0315555236,0315555236,0972959859,ROTP001,Ratanak Kiri,Ratanak Kiri,Showroom,Showroom,Post office,In effect,13.7451,106.9894,ROTS003 | Boeng Kansaeng | Boeng Kansaeng | 0315555236 | ROTP001 | Ratanak Kiri | Ratanak Kiri | Showroom
SIEA001,SIEA001,Svay Leu,Svay Leu,Svay Leu,0979053555,0979053555,0976241999,SIEP001,Siem Reap,Siem Reap,Agent,Agent,Authorized Dealer/ Authorized Agent,In effect,13.551747,104.252698,SIEA001 | Svay Leu | Svay Leu | 0979053555 | SIEP001 | Siem Reap | Siem Reap | Agent
SIEA002,SIEA002,Puok 01,Puok 01,Puok 01,0975481444,0975481444,0976241999,SIEP001,Siem Reap,Siem Reap,Agent,Agent,Authorized Dealer/ Authorized Agent,In effect,13.400147,103.79594,SIEA002 | Puok 01 | Puok 01 | 0975481444 | SIEP001 | Siem Reap | Siem Reap | Agent
SIEA003,SIEA003,Dam Daek,Dam Daek,Dam Daek,066865653,066865653,0976241999,SIEP001,Siem Reap,Siem Reap,Agent,Agent,Authorized Dealer/ Authorized Agent,In effect,13.248097,104.124303,SIEA003 | Dam Daek | Dam Daek | 066865653 | SIEP001 | Siem Reap | Siem Reap | Agent
SIEA005,SIEA005,Srangae,Srangae,Srangae,0974343776,0974343776,0976241999,SIEP001,Siem Reap,Siem Reap,Agent,Agent,Authorized Dealer/ Authorized Agent,In effect,13.365655,103.808087,SIEA005 | Srangae | Srangae | 0974343776 | SIEP001 | Siem Reap | Siem Reap | Agent
SIEA006,SIEA006,Kralanh,Kralanh,Kralanh,0975464445,0975464445,0976241999,SIEP001,Siem Reap,Siem Reap,Agent,Agent,Authorized Dealer/ Authorized Agent,In effect,13.588405,103.417674,SIEA006 | Kralanh | Kralanh | 0975464445 | SIEP001 | Siem Reap | Siem Reap | Agent
SIEA007,SIEA007,Srae Nouy,Srae Nouy,Srae Nouy,060596668,060596668,0976241999,SIEP001,Siem Reap,Siem Reap,Agent,Agent,Authorized Dealer/ Authorized Agent,In effect,13.813315,104.046877,SIEA007 | Srae Nouy | Srae Nouy | 060596668 | SIEP001 | Siem Reap | Siem Reap | Agent
SIEA008,SIEA008,Kampong Kdei,Kampong Kdei,Kampong Kdei,0884246677,0884246677,0976241999,SIEP001,Siem Reap,Siem Reap,Agent,Agent,Authorized Dealer/ Authorized Agent,In effect,13.111871,104.354264,SIEA008 | Kampong Kdei | Kampong Kdei | 0884246677 | SIEP001 | Siem Reap | Siem Reap | Agent
SIEA009,SIEA009,Samraong,Samraong,Samraong,0718448884,0718448884,0976241999,SIEP001,Siem Reap,Siem Reap,Agent,Agent,Authorized Dealer/ Authorized Agent,In effect,13.393213,103.867875,SIEA009 | Samraong | Samraong | 0718448884 | SIEP001 | Siem Reap | Siem Reap | Agent
SIEA010,SIEA010,Kantreang,Kantreang,Kantreang,0886526700,0886526700,0976241999,SIEP001,Siem Reap,Siem Reap,Agent,Agent,Authorized Dealer/ Authorized Agent,In effect,13.352193,104.024788,SIEA010 | Kantreang | Kantreang | 0886526700 | SIEP001 | Siem Reap | Siem Reap | Agent
SIEA011,SIEA011,Sala Kamraeuk,Sala Kamraeuk,Sala Kamraeuk,067557686,067557686,0976241999,SIEP001,Siem Reap,Siem Reap,Agent,Agent,Authorized Dealer/ Authorized Agent,In effect,13.354795,103.869528,SIEA011 | Sala Kamraeuk | Sala Kamraeuk | 067557686 | SIEP001 | Siem Reap | Siem Reap | Agent
SIEA012,SIEA012,Ballang,Ballang,Ballang,0974693524,0974693524,0976241999,SIEP001,Siem Reap,Siem Reap,Agent,Agent,Authorized Dealer/ Authorized Agent,In effect,13.475203,104.17265,SIEA012 | Ballang | Ballang | 0974693524 | SIEP001 | Siem Reap | Siem Reap | Agent
SIEA014,SIEA014,Chrouy Neang Nguon,Chrouy Neang Nguon,Chrouy Neang Nguon,0884818395,0884818395,0976241999,SIEP001,Siem Reap,Siem Reap,Agent,Agent,Authorized Dealer/ Authorized Agent,In effect,13.8277,103.5156,SIEA014 | Chrouy Neang Nguon | Chrouy Neang Nguon | 0884818395 | SIEP001 | Siem Reap | Siem Reap | Agent
SIEA016,SIEA016,Siem Reab,Siem Reab,Siem Reab,0714468468,0714468468,0976241999,SIEP001,Siem Reap,Siem Reap,Agent,Agent,Authorized Dealer/ Authorized Agent,In effect,13.318811,103.851774,SIEA016 | Siem Reab | Siem Reab | 0714468468 | SIEP001 | Siem Reap | Siem Reap | Agent
SIEA017,SIEA017,Kouk Chak,Kouk Chak,Kouk Chak,066728622,066728622,0976241999,SIEP001,Siem Reap,Siem Reap,Agent,Agent,Authorized Dealer/ Authorized Agent,In effect,13.580205,103.880291,SIEA017 | Kouk Chak | Kouk Chak | 066728622 | SIEP001 | Siem Reap | Siem Reap | Agent
SIEA022,SIEA022,Puok 02,Puok 02,Puok 02,0712668626,0712668626,0976241999,SIEP001,Siem Reap,Siem Reap,Agent,Agent,Authorized Dealer/ Authorized Agent,In effect,13.44275,103.727382,SIEA022 | Puok 02 | Puok 02 | 0712668626 | SIEP001 | Siem Reap | Siem Reap | Agent
SIEA030,SIEA030,Char Chhuk,Char Chhuk,Char Chhuk,0974577522,0974577522,0976241999,SIEP001,Siem Reap,Siem Reap,Agent,Agent,Authorized Dealer/ Authorized Agent,In effect,13.683854,103.649091,SIEA030 | Char Chhuk | Char Chhuk | 0974577522 | SIEP001 | Siem Reap | Siem Reap | Agent
SIEA031,SIEA031,Khnar Sanday,Khnar Sanday,Khnar Sanday,090811187,090811187,0976241999,SIEP001,Siem Reap,Siem Reap,Agent,Agent,Authorized Dealer/ Authorized Agent,In effect,13.586712,103.956676,SIEA031 | Khnar Sanday | Khnar Sanday | 090811187 | SIEP001 | Siem Reap | Siem Reap | Agent
SIEA033,SIEA033,Svay Sa,Svay Sa,Svay Sa,0713076258,0713076258,0976241999,SIEP001,Siem Reap,Siem Reap,Agent,Agent,Authorized Dealer/ Authorized Agent,In effect,13.79006,103.750383,SIEA033 | Svay Sa | Svay Sa | 0713076258 | SIEP001 | Siem Reap | Siem Reap | Agent
SIEA034,SIEA034,Anlung Samnar,Anlung Samnar,Anlung Samnar,0977666622,0977666622,0976241999,SIEP001,Siem Reap,Siem Reap,Agent,Agent,Authorized Dealer/ Authorized Agent,In effect,13.068422,103.289207,SIEA034 | Anlung Samnar | Anlung Samnar | 0977666622 | SIEP001 | Siem Reap | Siem Reap | Agent
SIEA035,SIEA035,Sla Kram,Sla Kram,Sla Kram,0713333717,0713333717,0976241999,SIEP001,Siem Reap,Siem Reap,Agent,Agent,Authorized Dealer/ Authorized Agent,In effect,13.358351,103.893148,SIEA035 | Sla Kram | Sla Kram | 0713333717 | SIEP001 | Siem Reap | Siem Reap | Agent
SIEA036,SIEA036,Kaev Poar,Kaev Poar,Kaev Poar,0883393307,0883393307,0976241999,SIEP001,Siem Reap,Siem Reap,Agent,Agent,Authorized Dealer/ Authorized Agent,In effect,13.387312,103.743113,SIEA036 | Kaev Poar | Kaev Poar | 0883393307 | SIEP001 | Siem Reap | Siem Reap | Agent
SIEA037,SIEA037,Ruessei Lok,Ruessei Lok,Ruessei Lok,066332241,066332241,0976241999,SIEP001,Siem Reap,Siem Reap,Agent,Agent,Authorized Dealer/ Authorized Agent,In effect,13.199103,104.214583,SIEA037 | Ruessei Lok | Ruessei Lok | 066332241 | SIEP001 | Siem Reap | Siem Reap | Agent
SIEA038,SIEA038,Peak Snaeng,Peak Snaeng,Peak Snaeng,066728622,066728622,0976241999,SIEP001,Siem Reap,Siem Reap,Agent,Agent,Authorized Dealer/ Authorized Agent,In effect,103.880291,66728622.0,SIEA038 | Peak Snaeng | Peak Snaeng | 066728622 | SIEP001 | Siem Reap | Siem Reap | Agent
SIEA039,SIEA039,Kandaek,Kandaek,Kandaek,0886683828,0886683828,0976241999,SIEP001,Siem Reap,Siem Reap,Agent,Agent,Authorized Dealer/ Authorized Agent,In effect,13.356339,103.916749,SIEA039 | Kandaek | Kandaek | 0886683828 | SIEP001 | Siem Reap | Siem Reap | Agent
SIEP001,SIEP001,Siem Reab,Siem Reab,Siem Reab,0976241999,0976241999,0976241999,SIEP001,Siem Reap,Siem Reap,Post Office,Post Office,Post office,In effect,13.359287,103.883998,SIEP001 | Siem Reab | Siem Reab | 0976241999 | SIEP001 | Siem Reap | Siem Reap | Post Office
SIES001,SIES001,Kouk Chak,Kouk Chak,Kouk Chak,0888552626,0888552626,0976241999,SIEP001,Siem Reap,Siem Reap,Showroom,Showroom,Post office,In effect,13.381318,103.853015,SIES001 | Kouk Chak | Kouk Chak | 0888552626 | SIEP001 | Siem Reap | Siem Reap | Showroom
SIES002,SIES002,Siem Reab,Siem Reab,Siem Reab,066660093,066660093,0976241999,SIEP001,Siem Reap,Siem Reap,Showroom,Showroom,Post office,In effect,13.359275,103.854515,SIES002 | Siem Reab | Siem Reab | 066660093 | SIEP001 | Siem Reap | Siem Reap | Showroom
SIES003,SIES003,Dam Daek,Dam Daek,Dam Daek,0974545556,0974545556,0976241999,SIEP001,Siem Reap,Siem Reap,Showroom,Showroom,Post office,In effect,13.244512,104.124204,SIES003 | Dam Daek | Dam Daek | 0974545556 | SIEP001 | Siem Reap | Siem Reap | Showroom
SIHA001,SIHA001,Tumnob Rolok,Tumnob Rolok,Tumnob Rolok,0314000700,0314000700,0972158568,SIHP001,Sihanoukville,Sihanoukville,Agent,Agent,Authorized Dealer/ Authorized Agent,In effect,10.737428,103.624233,SIHA001 | Tumnob Rolok | Tumnob Rolok | 0314000700 | SIHP001 | Sihanoukville | Sihanoukville | Agent
SIHA002,SIHA002,Boeng Ta Prum,Boeng Ta Prum,Boeng Ta Prum,0713337606,0713337606,0972158568,SIHP001,Sihanoukville,Sihanoukville,Agent,Agent,Authorized Dealer/ Authorized Agent,In effect,10.573382,103.773205,SIHA002 | Boeng Ta Prum | Boeng Ta Prum | 0713337606 | SIHP001 | Sihanoukville | Sihanoukville | Agent
SIHA003,SIHA003,Ou Oknha Heng,Ou Oknha Heng,Ou Oknha Heng,0887253325,0887253325,0972158568,SIHP001,Sihanoukville,Sihanoukville,Agent,Agent,Authorized Dealer/ Authorized Agent,In effect,10.589629,103.763962,SIHA003 | Ou Oknha Heng | Ou Oknha Heng | 0887253325 | SIHP001 | Sihanoukville | Sihanoukville | Agent
SIHA004,SIHA004,Prey Nob,Prey Nob,Prey Nob,0882218111,0882218111,0972158568,SIHP001,Sihanoukville,Sihanoukville,Agent,Agent,Authorized Dealer/ Authorized Agent,In effect,10.629706,103.782186,SIHA004 | Prey Nob | Prey Nob | 0882218111 | SIHP001 | Sihanoukville | Sihanoukville | Agent
SIHA005,SIHA005,Andoung Thma,Andoung Thma,Andoung Thma,0719772546,0719772546,0972158568,SIHP001,Sihanoukville,Sihanoukville,Agent,Agent,Authorized Dealer/ Authorized Agent,In effect,10.675489,103.800485,SIHA005 | Andoung Thma | Andoung Thma | 0719772546 | SIHP001 | Sihanoukville | Sihanoukville | Agent
SIHA006,SIHA006,Cheung Kou,Cheung Kou,Cheung Kou,0979696654,0979696654,0972158568,SIHP001,Sihanoukville,Sihanoukville,Agent,Agent,Authorized Dealer/ Authorized Agent,In effect,10.753846,103.804156,SIHA006 | Cheung Kou | Cheung Kou | 0979696654 | SIHP001 | Sihanoukville | Sihanoukville | Agent
SIHA007,SIHA007,Lekh Muoy 01,Lekh Muoy 01,Lekh Muoy 01,0886566000,0886566000,0972158568,SIHP001,Sihanoukville,Sihanoukville,Agent,Agent,Authorized Dealer/ Authorized Agent,In effect,10.662359,103.522013,SIHA007 | Lekh Muoy 01 | Lekh Muoy 01 | 0886566000 | SIHP001 | Sihanoukville | Sihanoukville | Agent
SIHA008,SIHA008,Lekh Muoy 02,Lekh Muoy 02,Lekh Muoy 02,0314000700,0314000700,0972158568,SIHP001,Sihanoukville,Sihanoukville,Agent,Agent,Authorized Dealer/ Authorized Agent,In effect,10.664146,103.522118,SIHA008 | Lekh Muoy 02 | Lekh Muoy 02 | 0314000700 | SIHP001 | Sihanoukville | Sihanoukville | Agent
SIHA009,SIHA009,Stueng Chhay,Stueng Chhay,Stueng Chhay,0716668661,0716668661,0972158568,SIHP001,Sihanoukville,Sihanoukville,Agent,Agent,Authorized Dealer/ Authorized Agent,In effect,10.939812,103.798362,SIHA009 | Stueng Chhay | Stueng Chhay | 0716668661 | SIHP001 | Sihanoukville | Sihanoukville | Agent
SIHP001,SIHP001,Preah Sihanouk,Preah Sihanouk,Preah Sihanouk,0972158568,0972158568,0972158568,SIHP001,Sihanoukville,Sihanoukville,Post Office,Post Office,Post office,In effect,10.620638,103.541226,SIHP001 | Preah Sihanouk | Preah Sihanouk | 0972158568 | SIHP001 | Sihanoukville | Sihanoukville | Post Office
SIHS001,SIHS001,Lekh Buon,Lekh Buon,Lekh Buon,0719998091,0719998091,0972158568,SIHP001,Sihanoukville,Sihanoukville,Showroom,Showroom,Post office,In effect,10.61986,103.52744,SIHS001 | Lekh Buon | Lekh Buon | 0719998091 | SIHP001 | Sihanoukville | Sihanoukville | Showroom
SIHS002,SIHS002,Veal Renh,Veal Renh,Veal Renh,0889419922,0889419922,0972158568,SIHP001,Sihanoukville,Sihanoukville,Showroom,Showroom,Post office,In effect,10.709813,103.818335,SIHS002 | Veal Renh | Veal Renh | 0889419922 | SIHP001 | Sihanoukville | Sihanoukville | Showroom
SPEA001,SPEA001,Preah Khae,Preah Khae,Preah Khae,0977626085,0977626085,0715554858,SPEP001,Kampong Speu,Kampong Speu,Agent,Agent,Authorized Dealer/ Authorized Agent,In effect,11.174528,104.500433,SPEA001 | Preah Khae | Preah Khae | 0977626085 | SPEP001 | Kampong Speu | Kampong Speu | Agent
SPEA002,SPEA002,Svay Rumpear,Svay Rumpear,Svay Rumpear,060317111,060317111,0715554858,SPEP001,Kampong Speu,Kampong Speu,Agent,Agent,Authorized Dealer/ Authorized Agent,In effect,11.211305,104.583741,SPEA002 | Svay Rumpear | Svay Rumpear | 060317111 | SPEP001 | Kampong Speu | Kampong Speu | Agent
SPEA003,SPEA003,Krang Chek,Krang Chek,Krang Chek,0975188198,0975188198,0715554858,SPEP001,Kampong Speu,Kampong Speu,Agent,Agent,Authorized Dealer/ Authorized Agent,In effect,11.582755,104.531477,SPEA003 | Krang Chek | Krang Chek | 0975188198 | SPEP001 | Kampong Speu | Kampong Speu | Agent
SPEA004,SPEA004,Roka Kaoh 01,Roka Kaoh 01,Roka Kaoh 01,0976433308,0976433308,0715554858,SPEP001,Kampong Speu,Kampong Speu,Agent,Agent,Authorized Dealer/ Authorized Agent,In effect,11.426686,104.661059,SPEA004 | Roka Kaoh 01 | Roka Kaoh 01 | 0976433308 | SPEP001 | Kampong Speu | Kampong Speu | Agent
SPEA005,SPEA005,Sambour,Sambour,Sambour,0884207700,0884207700,0715554858,SPEP001,Kampong Speu,Kampong Speu,Agent,Agent,Authorized Dealer/ Authorized Agent,In effect,11.533326,104.618288,SPEA005 | Sambour | Sambour | 0884207700 | SPEP001 | Kampong Speu | Kampong Speu | Agent
SPEA007,SPEA007,Samrong Tong,Samrong Tong,Samrong Tong,0314214242,0314214242,0715554858,SPEP001,Kampong Speu,Kampong Speu,Agent,Agent,Authorized Dealer/ Authorized Agent,In effect,11.54068,104.595483,SPEA007 | Samrong Tong | Samrong Tong | 0314214242 | SPEP001 | Kampong Speu | Kampong Speu | Agent
SPEA008,SPEA008,Pou Chamraeun,Pou Chamraeun,Pou Chamraeun,0712929111,0712929111,0715554858,SPEP001,Kampong Speu,Kampong Speu,Agent,Agent,Authorized Dealer/ Authorized Agent,In effect,11.105882,104.598308,SPEA008 | Pou Chamraeun | Pou Chamraeun | 0712929111 | SPEP001 | Kampong Speu | Kampong Speu | Agent
SPEA009,SPEA009,Traeng Trayueng,Traeng Trayueng,Traeng Trayueng,067735151,067735151,0715554858,SPEP001,Kampong Speu,Kampong Speu,Agent,Agent,Authorized Dealer/ Authorized Agent,In effect,11.277905,104.211297,SPEA009 | Traeng Trayueng | Traeng Trayueng | 067735151 | SPEP001 | Kampong Speu | Kampong Speu | Agent
SPEA010,SPEA010,Pneay,Pneay,Pneay,0977773588,0977773588,0715554858,SPEP001,Kampong Speu,Kampong Speu,Agent,Agent,Authorized Dealer/ Authorized Agent,In effect,11.517333,104.520212,SPEA010 | Pneay | Pneay | 0977773588 | SPEP001 | Kampong Speu | Kampong Speu | Agent
SPEA011,SPEA011,Rung Roeang,Rung Roeang,Rung Roeang,0883539111,0883539111,0715554858,SPEP001,Kampong Speu,Kampong Speu,Agent,Agent,Authorized Dealer/ Authorized Agent,In effect,11.721285,104.520246,SPEA011 | Rung Roeang | Rung Roeang | 0883539111 | SPEP001 | Kampong Speu | Kampong Speu | Agent
SPEA012,SPEA012,Amleang,Amleang,Amleang,0718570111,0718570111,0715554858,SPEP001,Kampong Speu,Kampong Speu,Agent,Agent,Authorized Dealer/ Authorized Agent,In effect,11.801009,104.342315,SPEA012 | Amleang | Amleang | 0718570111 | SPEP001 | Kampong Speu | Kampong Speu | Agent
SPEA013,SPEA013,Skuh,Skuh,Skuh,0887393401,0887393401,0715554858,SPEP001,Kampong Speu,Kampong Speu,Agent,Agent,Authorized Dealer/ Authorized Agent,In effect,11.404436,104.51386,SPEA013 | Skuh | Skuh | 0887393401 | SPEP001 | Kampong Speu | Kampong Speu | Agent
SPEA014,SPEA014,Chambak,Chambak,Chambak,067309697,067309697,0715554858,SPEP001,Kampong Speu,Kampong Speu,Agent,Agent,Authorized Dealer/ Authorized Agent,In effect,11.396063,104.111423,SPEA014 | Chambak | Chambak | 067309697 | SPEP001 | Kampong Speu | Kampong Speu | Agent
SPEA015,SPEA015,Roleang Kreul 01,Roleang Kreul 01,Roleang Kreul 01,0979207902,0979207902,0715554858,SPEP001,Kampong Speu,Kampong Speu,Agent,Agent,Authorized Dealer/ Authorized Agent,In effect,11.445192,104.62579,SPEA015 | Roleang Kreul 01 | Roleang Kreul 01 | 0979207902 | SPEP001 | Kampong Speu | Kampong Speu | Agent
SPEA016,SPEA016,Roka Kaoh 02,Roka Kaoh 02,Roka Kaoh 02,0979028751,0979028751,0715554858,SPEP001,Kampong Speu,Kampong Speu,Agent,Agent,Authorized Dealer/ Authorized Agent,In effect,11.412777,104.651533,SPEA016 | Roka Kaoh 02 | Roka Kaoh 02 | 0979028751 | SPEP001 | Kampong Speu | Kampong Speu | Agent
SPEA017,SPEA017,Khsem Khsan,Khsem Khsan,Khsem Khsan,0319173555,0319173555,0715554858,SPEP001,Kampong Speu,Kampong Speu,Agent,Agent,Authorized Dealer/ Authorized Agent,In effect,11.686979,104.70185,SPEA017 | Khsem Khsan | Khsem Khsan | 0319173555 | SPEP001 | Kampong Speu | Kampong Speu | Agent
SPEA018,SPEA018,Pheakdei,Pheakdei,Pheakdei,0978894333,0978894333,0715554858,SPEP001,Kampong Speu,Kampong Speu,Agent,Agent,Authorized Dealer/ Authorized Agent,In effect,11.177036,104.407526,SPEA018 | Pheakdei | Pheakdei | 0978894333 | SPEP001 | Kampong Speu | Kampong Speu | Agent
SPEA019,SPEA019,Prey Kmeng,Prey Kmeng,Prey Kmeng,0719000076,0719000076,0715554858,SPEP001,Kampong Speu,Kampong Speu,Agent,Agent,Authorized Dealer/ Authorized Agent,In effect,11.308992,104.438688,SPEA019 | Prey Kmeng | Prey Kmeng | 0719000076 | SPEP001 | Kampong Speu | Kampong Speu | Agent
SPEA020,SPEA020,Prey Sralaeng,Prey Sralaeng,Prey Sralaeng,068989873,068989873,0715554858,SPEP001,Kampong Speu,Kampong Speu,Agent,Agent,Authorized Dealer/ Authorized Agent,In effect,11.157493,104.684507,SPEA020 | Prey Sralaeng | Prey Sralaeng | 068989873 | SPEP001 | Kampong Speu | Kampong Speu | Agent
SPEA021,SPEA021,Tang Krouch,Tang Krouch,Tang Krouch,090240230,090240230,0715554858,SPEP001,Kampong Speu,Kampong Speu,Agent,Agent,Authorized Dealer/ Authorized Agent,In effect,11.531039,104.416137,SPEA021 | Tang Krouch | Tang Krouch | 090240230 | SPEP001 | Kampong Speu | Kampong Speu | Agent
SPEA022,SPEA022,Voa Sar,Voa Sar,Voa Sar,0716368844,0716368844,0715554858,SPEP001,Kampong Speu,Kampong Speu,Agent,Agent,Authorized Dealer/ Authorized Agent,In effect,11.475615,104.567907,SPEA022 | Voa Sar | Voa Sar | 0716368844 | SPEP001 | Kampong Speu | Kampong Speu | Agent
SPEA023,SPEA023,Trapeang Chou,Trapeang Chou,Trapeang Chou,0979744416,0979744416,0715554858,SPEP001,Kampong Speu,Kampong Speu,Agent,Agent,Authorized Dealer/ Authorized Agent,In effect,11.811444,104.129407,SPEA023 | Trapeang Chou | Trapeang Chou | 0979744416 | SPEP001 | Kampong Speu | Kampong Speu | Agent
SPEA024,SPEA024,Ou Ta Vam,Ou Ta Vam,Ou Ta Vam,090353686,090353686,0715554858,SPEP001,Kampong Speu,Kampong Speu,Agent,Agent,Authorized Dealer/ Authorized Agent,In effect,11.323964,104.578105,SPEA024 | Ou Ta Vam | Ou Ta Vam | 090353686 | SPEP001 | Kampong Speu | Kampong Speu | Agent
SPEA025,SPEA025,Tang Sya,Tang Sya,Tang Sya,0976668600,0976668600,0715554858,SPEP001,Kampong Speu,Kampong Speu,Agent,Agent,Authorized Dealer/ Authorized Agent,In effect,11.38836,104.377905,SPEA025 | Tang Sya | Tang Sya | 0976668600 | SPEP001 | Kampong Speu | Kampong Speu | Agent
SPEA026,SPEA026,Ta Sal,Ta Sal,Ta Sal,0972572737,0972572737,0715554858,SPEP001,Kampong Speu,Kampong Speu,Agent,Agent,Authorized Dealer/ Authorized Agent,In effect,11.703038,103.939144,SPEA026 | Ta Sal | Ta Sal | 0972572737 | SPEP001 | Kampong Speu | Kampong Speu | Agent
SPEA027,SPEA027,Ou,Ou,Ou,0718952758,0718952758,0715554858,SPEP001,Kampong Speu,Kampong Speu,Agent,Agent,Authorized Dealer/ Authorized Agent,In effect,11.342067,104.322307,SPEA027 | Ou | Ou | 0718952758 | SPEP001 | Kampong Speu | Kampong Speu | Agent
SPEA028,SPEA028,Veang Chas,Veang Chas,Veang Chas,090888506,090888506,0715554858,SPEP001,Kampong Speu,Kampong Speu,Agent,Agent,Authorized Dealer/ Authorized Agent,In effect,11.823481,104.743066,SPEA028 | Veang Chas | Veang Chas | 090888506 | SPEP001 | Kampong Speu | Kampong Speu | Agent
SPEA029,SPEA029,Sangkae Satob,Sangkae Satob,Sangkae Satob,0889342916,0889342916,0715554858,SPEP001,Kampong Speu,Kampong Speu,Agent,Agent,Authorized Dealer/ Authorized Agent,In effect,11.680048,104.147813,SPEA029 | Sangkae Satob | Sangkae Satob | 0889342916 | SPEP001 | Kampong Speu | Kampong Speu | Agent
SPEA030,SPEA030,Khtum Krang,Khtum Krang,Khtum Krang,068672668,068672668,0715554858,SPEP001,Kampong Speu,Kampong Speu,Agent,Agent,Authorized Dealer/ Authorized Agent,In effect,11.517929,104.437318,SPEA030 | Khtum Krang | Khtum Krang | 068672668 | SPEP001 | Kampong Speu | Kampong Speu | Agent
SPEA031,SPEA031,Krang Khnong,Krang Khnong,Krang Khnong,0975566365,0975566365,0715554858,SPEP001,Kampong Speu,Kampong Speu,Agent,Agent,Authorized Dealer/ Authorized Agent,In effect,11.309173,104.631576,SPEA031 | Krang Khnong | Krang Khnong | 0975566365 | SPEP001 | Kampong Speu | Kampong Speu | Agent
SPEA032,SPEA032,Roleang Kreul 02,Roleang Kreul 02,Roleang Kreul 02,0974122355,0974122355,0715554858,SPEP001,Kampong Speu,Kampong Speu,Agent,Agent,Authorized Dealer/ Authorized Agent,In effect,11.440644,104.639622,SPEA032 | Roleang Kreul 02 | Roleang Kreul 02 | 0974122355 | SPEP001 | Kampong Speu | Kampong Speu | Agent
SPEP001,SPEP001,Chbar Mon,Chbar Mon,Chbar Mon,0976839168,0976839168,0715554858,SPEP001,Kampong Speu,Kampong Speu,Post Office,Post Office,Post office,In effect,11.465375,104.527043,SPEP001 | Chbar Mon | Chbar Mon | 0976839168 | SPEP001 | Kampong Speu | Kampong Speu | Post Office
SPES001,SPES001,Rokar Thum,Rokar Thum,Rokar Thum,0979859966,0979859966,0715554858,SPEP001,Kampong Speu,Kampong Speu,Showroom,Showroom,Post office,In effect,11.460768,104.514622,SPES001 | Rokar Thum | Rokar Thum | 0979859966 | SPEP001 | Kampong Speu | Kampong Speu | Showroom
SPES002,SPES002,Snam Krapeu,Snam Krapeu,Snam Krapeu,0973381119,0973381119,0715554858,SPEP001,Kampong Speu,Kampong Speu,Showroom,Showroom,Post office,In effect,11.286801,104.706699,SPES002 | Snam Krapeu | Snam Krapeu | 0973381119 | SPEP001 | Kampong Speu | Kampong Speu | Showroom
STUA001,STUA001,Sekong,Sekong,Sekong,0718149159,0718149159,0978797000,STUP001,Stung Treng,Stung Treng,Agent,Agent,Authorized Dealer/ Authorized Agent,In effect,14.115063,106.385817,STUA001 | Sekong | Sekong | 0718149159 | STUP001 | Stung Treng | Stung Treng | Agent
STUA002,STUA002,Siem Bouk 01,Siem Bouk 01,Siem Bouk 01,0884737897,0884737897,0978797000,STUP001,Stung Treng,Stung Treng,Agent,Agent,Authorized Dealer/ Authorized Agent,In effect,13.334026,106.103639,STUA002 | Siem Bouk 01 | Siem Bouk 01 | 0884737897 | STUP001 | Stung Treng | Stung Treng | Agent
STUA003,STUA003,Ou Svay,Ou Svay,Ou Svay,0888713860,0888713860,0978797000,STUP001,Stung Treng,Stung Treng,Agent,Agent,Authorized Dealer/ Authorized Agent,In effect,13.880126,106.001924,STUA003 | Ou Svay | Ou Svay | 0888713860 | STUP001 | Stung Treng | Stung Treng | Agent
STUA004,STUA004,Kbal Romeas 01,Kbal Romeas 01,Kbal Romeas 01,0979115186,0979115186,0978797000,STUP001,Stung Treng,Stung Treng,Agent,Agent,Authorized Dealer/ Authorized Agent,In effect,13.422893,106.280728,STUA004 | Kbal Romeas 01 | Kbal Romeas 01 | 0979115186 | STUP001 | Stung Treng | Stung Treng | Agent
STUA006,STUA006,Siem Bouk 02,Siem Bouk 02,Siem Bouk 02,0974769888,0974769888,0978797000,STUP001,Stung Treng,Stung Treng,Agent,Agent,Authorized Dealer/ Authorized Agent,In effect,13.360574,105.959553,STUA006 | Siem Bouk 02 | Siem Bouk 02 | 0974769888 | STUP001 | Stung Treng | Stung Treng | Agent
STUA007,STUA007,Phluk,Phluk,Phluk,0718796868,0718796868,0978797000,STUP001,Stung Treng,Stung Treng,Agent,Agent,Authorized Dealer/ Authorized Agent,In effect,13.564517,106.17007,STUA007 | Phluk | Phluk | 0718796868 | STUP001 | Stung Treng | Stung Treng | Agent
STUA008,STUA008,Kbal Romeas 02,Kbal Romeas 02,Kbal Romeas 02,0889899074,0889899074,0978797000,STUP001,Stung Treng,Stung Treng,Agent,Agent,Authorized Dealer/ Authorized Agent,In effect,13.417695,106.198157,STUA008 | Kbal Romeas 02 | Kbal Romeas 02 | 0889899074 | STUP001 | Stung Treng | Stung Treng | Agent
STUA009,STUA009,Anlung Chrey,Anlung Chrey,Anlung Chrey,0887515877,0887515877,0978797000,STUP001,Stung Treng,Stung Treng,Agent,Agent,Authorized Dealer/ Authorized Agent,In effect,13.765682,105.671585,STUA009 | Anlung Chrey | Anlung Chrey | 0887515877 | STUP001 | Stung Treng | Stung Treng | Agent
STUA010,STUA010,Preah Rumkel,Preah Rumkel,Preah Rumkel,0889099904,0889099904,0978797000,STUP001,Stung Treng,Stung Treng,Agent,Agent,Authorized Dealer/ Authorized Agent,In effect,13.894888,105.964596,STUA010 | Preah Rumkel | Preah Rumkel | 0889099904 | STUP001 | Stung Treng | Stung Treng | Agent
STUP001,STUP001,Stung Treng,Stung Treng,Stung Treng,0975266660,0975266660,0978797000,STUP001,Stung Treng,Stung Treng,Post Office,Post Office,Post office,In effect,13.528625,105.971602,STUP001 | Stung Treng | Stung Treng | 0975266660 | STUP001 | Stung Treng | Stung Treng | Post Office
STUS001,STUS001,Stueng Traeng,Stueng Traeng,Stueng Traeng,0313598585,0313598585,0978797000,STUP001,Stung Treng,Stung Treng,Showroom,Showroom,Post office,Out of effect,13.5285,105.9709,STUS001 | Stueng Traeng | Stueng Traeng | 0313598585 | STUP001 | Stung Treng | Stung Treng | Showroom
SVAA001,SVAA001,Khsaet,Khsaet,Khsaet,0975390008,0975390008,0979938909,SVAP001,Svay Rieng,Svay Rieng,Agent,Agent,Authorized Dealer/ Authorized Agent,In effect,10.926719,105.985774,SVAA001 | Khsaet | Khsaet | 0975390008 | SVAP001 | Svay Rieng | Svay Rieng | Agent
SVAA002,SVAA002,Kokir,Kokir,Kokir,0974595363,0974595363,0979938909,SVAP001,Svay Rieng,Svay Rieng,Agent,Agent,Authorized Dealer/ Authorized Agent,In effect,11.443579,105.861148,SVAA002 | Kokir | Kokir | 0974595363 | SVAP001 | Svay Rieng | Svay Rieng | Agent
SVAA003,SVAA003,Ang Prasrae,Ang Prasrae,Ang Prasrae,0716431779,0716431779,0979938909,SVAP001,Svay Rieng,Svay Rieng,Agent,Agent,Authorized Dealer/ Authorized Agent,In effect,11.323111,105.818189,SVAA003 | Ang Prasrae | Ang Prasrae | 0716431779 | SVAP001 | Svay Rieng | Svay Rieng | Agent
SVAA004,SVAA004,Kampong Chak,Kampong Chak,Kampong Chak,0977281916,0977281916,0979938909,SVAP001,Svay Rieng,Svay Rieng,Agent,Agent,Authorized Dealer/ Authorized Agent,In effect,11.171601,105.818778,SVAA004 | Kampong Chak | Kampong Chak | 0977281916 | SVAP001 | Svay Rieng | Svay Rieng | Agent
SVAA005,SVAA005,Bati,Bati,Bati,0979151383,0979151383,0979938909,SVAP001,Svay Rieng,Svay Rieng,Agent,Agent,Authorized Dealer/ Authorized Agent,In effect,10.992849,106.129186,SVAA005 | Bati | Bati | 0979151383 | SVAP001 | Svay Rieng | Svay Rieng | Agent
SVAA006,SVAA006,Samraong,Samraong,Samraong,0973077882,0973077882,0979938909,SVAP001,Svay Rieng,Svay Rieng,Agent,Agent,Authorized Dealer/ Authorized Agent,In effect,10.9291,106.1414,SVAA006 | Samraong | Samraong | 0973077882 | SVAP001 | Svay Rieng | Svay Rieng | Agent
SVAA007,SVAA007,Kruos,Kruos,Kruos,0884779853,0884779853,0979938909,SVAP001,Svay Rieng,Svay Rieng,Agent,Agent,Authorized Dealer/ Authorized Agent,In effect,11.061583,105.668694,SVAA007 | Kruos | Kruos | 0884779853 | SVAP001 | Svay Rieng | Svay Rieng | Agent
SVAA008,SVAA008,Chantrei,Chantrei,Chantrei,0714023030,0714023030,0979938909,SVAP001,Svay Rieng,Svay Rieng,Agent,Agent,Authorized Dealer/ Authorized Agent,In effect,11.284448,105.72468,SVAA008 | Chantrei | Chantrei | 0714023030 | SVAP001 | Svay Rieng | Svay Rieng | Agent
SVAA009,SVAA009,Doun Sa,Doun Sa,Doun Sa,0714743388,0714743388,0979938909,SVAP001,Svay Rieng,Svay Rieng,Agent,Agent,Authorized Dealer/ Authorized Agent,In effect,11.225428,105.724589,SVAA009 | Doun Sa | Doun Sa | 0714743388 | SVAP001 | Svay Rieng | Svay Rieng | Agent
SVAA010,SVAA010,Kampong Trach,Kampong Trach,Kampong Trach,0717678881,0717678881,0979938909,SVAP001,Svay Rieng,Svay Rieng,Agent,Agent,Authorized Dealer/ Authorized Agent,In effect,11.410974,105.784585,SVAA010 | Kampong Trach | Kampong Trach | 0717678881 | SVAP001 | Svay Rieng | Svay Rieng | Agent
SVAA011,SVAA011,Sambat Mean Chey,Sambat Mean Chey,Sambat Mean Chey,0712255771,0712255771,0979938909,SVAP001,Svay Rieng,Svay Rieng,Agent,Agent,Authorized Dealer/ Authorized Agent,In effect,11.437822,105.691046,SVAA011 | Sambat Mean Chey | Sambat Mean Chey | 0712255771 | SVAP001 | Svay Rieng | Svay Rieng | Agent
SVAA012,SVAA012,Doung,Doung,Doung,0976954441,0976954441,0979938909,SVAP001,Svay Rieng,Svay Rieng,Agent,Agent,Authorized Dealer/ Authorized Agent,In effect,11.338164,105.862059,SVAA012 | Doung | Doung | 0976954441 | SVAP001 | Svay Rieng | Svay Rieng | Agent
SVAA013,SVAA013,Chres,Chres,Chres,0977050535,0977050535,0979938909,SVAP001,Svay Rieng,Svay Rieng,Agent,Agent,Authorized Dealer/ Authorized Agent,In effect,10.935155,106.057092,SVAA013 | Chres | Chres | 0977050535 | SVAP001 | Svay Rieng | Svay Rieng | Agent
SVAA014,SVAA014,Mream,Mream,Mream,0979255956,0979255956,0979938909,SVAP001,Svay Rieng,Svay Rieng,Agent,Agent,Authorized Dealer/ Authorized Agent,In effect,11.311113,105.674529,SVAA014 | Mream | Mream | 0979255956 | SVAP001 | Svay Rieng | Svay Rieng | Agent
SVAA015,SVAA015,Svay Thum,Svay Thum,Svay Thum,0887241333,0887241333,0979938909,SVAP001,Svay Rieng,Svay Rieng,Agent,Agent,Authorized Dealer/ Authorized Agent,In effect,11.021884,105.603819,SVAA015 | Svay Thum | Svay Thum | 0887241333 | SVAP001 | Svay Rieng | Svay Rieng | Agent
SVAA016,SVAA016,Pou Reach,Pou Reach,Pou Reach,0888787630,0888787630,0979938909,SVAP001,Svay Rieng,Svay Rieng,Agent,Agent,Authorized Dealer/ Authorized Agent,In effect,11.150287,105.762472,SVAA016 | Pou Reach | Pou Reach | 0888787630 | SVAP001 | Svay Rieng | Svay Rieng | Agent
SVAA017,SVAA017,Chrey Thum,Chrey Thum,Chrey Thum,0887666963,0887666963,0979938909,SVAP001,Svay Rieng,Svay Rieng,Agent,Agent,Authorized Dealer/ Authorized Agent,In effect,11.408281,105.716263,SVAA017 | Chrey Thum | Chrey Thum | 0887666963 | SVAP001 | Svay Rieng | Svay Rieng | Agent
SVAA018,SVAA018,Koki Saom,Koki Saom,Koki Saom,0974444011,0974444011,0979938909,SVAP001,Svay Rieng,Svay Rieng,Agent,Agent,Authorized Dealer/ Authorized Agent,In effect,11.159454,105.938441,SVAA018 | Koki Saom | Koki Saom | 0974444011 | SVAP001 | Svay Rieng | Svay Rieng | Agent
SVAA019,SVAA019,Svay Chrum,Svay Chrum,Svay Chrum,0883644453,0883644453,0979938909,SVAP001,Svay Rieng,Svay Rieng,Agent,Agent,Authorized Dealer/ Authorized Agent,In effect,11.117568,105.716027,SVAA019 | Svay Chrum | Svay Chrum | 0883644453 | SVAP001 | Svay Rieng | Svay Rieng | Agent
SVAA020,SVAA020,Pouthi,Pouthi,Pouthi,0886658844,0886658844,0979938909,SVAP001,Svay Rieng,Svay Rieng,Agent,Agent,Authorized Dealer/ Authorized Agent,In effect,10.9867,106.1258,SVAA020 | Pouthi | Pouthi | 0886658844 | SVAP001 | Svay Rieng | Svay Rieng | Agent
SVAA021,SVAA021,Chi Phu,Chi Phu,Chi Phu,0975393893,0975393893,0979938909,SVAP001,Svay Rieng,Svay Rieng,Agent,Agent,Authorized Dealer/ Authorized Agent,In effect,11.0351,106.0189,SVAA021 | Chi Phu | Chi Phu | 0975393893 | SVAP001 | Svay Rieng | Svay Rieng | Agent
SVAA022,SVAA022,Bos Mon,Bos Mon,Bos Mon,0977141888,0977141888,0979938909,SVAP001,Svay Rieng,Svay Rieng,Agent,Agent,Authorized Dealer/ Authorized Agent,In effect,11.2337,105.8807,SVAA022 | Bos Mon | Bos Mon | 0977141888 | SVAP001 | Svay Rieng | Svay Rieng | Agent
SVAA023,SVAA023,Prey Ta Ei,Prey Ta Ei,Prey Ta Ei,0973572727,0973572727,0979938909,SVAP001,Svay Rieng,Svay Rieng,Agent,Agent,Authorized Dealer/ Authorized Agent,In effect,11.1545,105.9796,SVAA023 | Prey Ta Ei | Prey Ta Ei | 0973572727 | SVAP001 | Svay Rieng | Svay Rieng | Agent
SVAA024,SVAA024,Kraol Kou,Kraol Kou,Kraol Kou,0882699969,0882699969,0979938909,SVAP001,Svay Rieng,Svay Rieng,Agent,Agent,Authorized Dealer/ Authorized Agent,In effect,11.1519,105.6194,SVAA024 | Kraol Kou | Kraol Kou | 0882699969 | SVAP001 | Svay Rieng | Svay Rieng | Agent
SVAA025,SVAA025,Chher Teal,Chher Teal,Chher Teal,0977479888,0977479888,0979938909,SVAP001,Svay Rieng,Svay Rieng,Agent,Agent,Authorized Dealer/ Authorized Agent,In effect,11.0951,105.6486,SVAA025 | Chher Teal | Chher Teal | 0977479888 | SVAP001 | Svay Rieng | Svay Rieng | Agent
SVAA026,SVAA026,Svay Ang,Svay Ang,Svay Ang,0975685056,0975685056,0979938909,SVAP001,Svay Rieng,Svay Rieng,Agent,Agent,Authorized Dealer/ Authorized Agent,In effect,11.2105,105.6728,SVAA026 | Svay Ang | Svay Ang | 0975685056 | SVAP001 | Svay Rieng | Svay Rieng | Agent
SVAA027,SVAA027,Doung,Doung,Doung,0977872091,0977872091,0979938909,SVAP001,Svay Rieng,Svay Rieng,Agent,Agent,Authorized Dealer/ Authorized Agent,In effect,11.3383,105.8667,SVAA027 | Doung | Doung | 0977872091 | SVAP001 | Svay Rieng | Svay Rieng | Agent
SVAA028,SVAA028,Sambour,Sambour,Sambour,0979003070,0979003070,0979938909,SVAP001,Svay Rieng,Svay Rieng,Agent,Agent,Authorized Dealer/ Authorized Agent,In effect,11.4755,105.7108,SVAA028 | Sambour | Sambour | 0979003070 | SVAP001 | Svay Rieng | Svay Rieng | Agent
SVAA029,SVAA029,Pong Tuek,Pong Tuek,Pong Tuek,0976330633,0976330633,0979938909,SVAP001,Svay Rieng,Svay Rieng,Agent,Agent,Authorized Dealer/ Authorized Agent,In effect,11.1944,105.87606,SVAA029 | Pong Tuek | Pong Tuek | 0976330633 | SVAP001 | Svay Rieng | Svay Rieng | Agent
SVAA030,SVAA030,Chantrei,Chantrei,Chantrei,0714771463,0714771463,0979938909,SVAP001,Svay Rieng,Svay Rieng,Agent,Agent,Authorized Dealer/ Authorized Agent,In effect,11.2836,105.7247,SVAA030 | Chantrei | Chantrei | 0714771463 | SVAP001 | Svay Rieng | Svay Rieng | Agent
SVAA032,SVAA032,Preah Ponlea,Preah Ponlea,Preah Ponlea,0883851601,0883851601,0979938909,SVAP001,Svay Rieng,Svay Rieng,Agent,Agent,Authorized Dealer/ Authorized Agent,In effect,11.0083,105.8834,SVAA032 | Preah Ponlea | Preah Ponlea | 0883851601 | SVAP001 | Svay Rieng | Svay Rieng | Agent
SVAA033,SVAA033,Svay Rumpear,Svay Rumpear,Svay Rumpear,0716525373,0716525373,0979938909,SVAP001,Svay Rieng,Svay Rieng,Agent,Agent,Authorized Dealer/ Authorized Agent,In effect,11.1456,105.89309,SVAA033 | Svay Rumpear | Svay Rumpear | 0716525373 | SVAP001 | Svay Rieng | Svay Rieng | Agent
SVAA034,SVAA034,Meun Chey,Meun Chey,Meun Chey,0975440080,0975440080,0979938909,SVAP001,Svay Rieng,Svay Rieng,Agent,Agent,Authorized Dealer/ Authorized Agent,In effect,11.217,105.7522,SVAA034 | Meun Chey | Meun Chey | 0975440080 | SVAP001 | Svay Rieng | Svay Rieng | Agent
SVAA035,SVAA035,Svay Yea,Svay Yea,Svay Yea,0312222656,0312222656,0979938909,SVAP001,Svay Rieng,Svay Rieng,Agent,Agent,Authorized Dealer/ Authorized Agent,In effect,11.2201,105.635,SVAA035 | Svay Yea | Svay Yea | 0312222656 | SVAP001 | Svay Rieng | Svay Rieng | Agent
SVAA036,SVAA036,Kuok Preang,Kuok Preang,Kuok Preang,0979382744,0979382744,0979938909,SVAP001,Svay Rieng,Svay Rieng,Agent,Agent,Authorized Dealer/ Authorized Agent,In effect,11.1677,105.7103,SVAA036 | Kuok Preang | Kuok Preang | 0979382744 | SVAP001 | Svay Rieng | Svay Rieng | Agent
SVAA037,SVAA037,Basak,Basak,Basak,0975312188,0975312188,0979938909,SVAP001,Svay Rieng,Svay Rieng,Agent,Agent,Authorized Dealer/ Authorized Agent,In effect,11.0395,105.8177,SVAA037 | Basak | Basak | 0975312188 | SVAP001 | Svay Rieng | Svay Rieng | Agent
SVAA038,SVAA038,Basak,Basak,Basak,0979245388,0979245388,0979938909,SVAP001,Svay Rieng,Svay Rieng,Agent,Agent,Authorized Dealer/ Authorized Agent,In effect,11.0597,105.7457,SVAA038 | Basak | Basak | 0979245388 | SVAP001 | Svay Rieng | Svay Rieng | Agent
SVAA039,SVAA039,Pra sout,Pra sout,Pra sout,0889554113,0889554113,0979938909,SVAP001,Svay Rieng,Svay Rieng,Agent,Agent,Authorized Dealer/ Authorized Agent,In effect,11.0506,105.8917,SVAA039 | Pra sout | Pra sout | 0889554113 | SVAP001 | Svay Rieng | Svay Rieng | Agent
SVAP001,SVAP001,Svay Rieng,Svay Rieng,Svay Rieng,0979938909,0979938909,0979938909,SVAP001,Svay Rieng,Svay Rieng,Post Office,Post Office,Post office,In effect,11.0914361,105.7915562,SVAP001 | Svay Rieng | Svay Rieng | 0979938909 | SVAP001 | Svay Rieng | Svay Rieng | Post Office
SVAS001,SVAS001,Svay Rieng,Svay Rieng,Svay Rieng,0979938909,0979938909,0979938909,SVAP001,Svay Rieng,Svay Rieng,Showroom,Showroom,Post office,In effect,11.082903,105.7966346,SVAS001 | Svay Rieng | Svay Rieng | 0979938909 | SVAP001 | Svay Rieng | Svay Rieng | Showroom
SVAS002,SVAS002,Bavet,Bavet,Bavet,0979938909,0979938909,0979938909,SVAP001,Svay Rieng,Svay Rieng,Showroom,Showroom,Post office,In effect,11.0705,106.1577,SVAS002 | Bavet | Bavet | 0979938909 | SVAP001 | Svay Rieng | Svay Rieng | Showroom
SVAS003,SVAS003,Chrak Mtes,Chrak Mtes,Chrak Mtes,0979938909,0979938909,0979938909,SVAP001,Svay Rieng,Svay Rieng,Showroom,Showroom,Post office,In effect,11.0381,106.0115,SVAS003 | Chrak Mtes | Chrak Mtes | 0979938909 | SVAP001 | Svay Rieng | Svay Rieng | Showroom
SVAS004,SVAS004,Kampong Trach,Kampong Trach,Kampong Trach,0979938909,0979938909,0979938909,SVAP001,Svay Rieng,Svay Rieng,Showroom,Showroom,Post office,In effect,11.412753,105.794946,SVAS004 | Kampong Trach | Kampong Trach | 0979938909 | SVAP001 | Svay Rieng | Svay Rieng | Showroom
TBKA001,TBKA001,Peus Mouy,Peus Mouy,Peus Mouy,068737348,068737348,0319777797,TBKP001,Tboung Khmum,Tboung Khmum,Agent,Agent,Authorized Dealer/ Authorized Agent,In effect,12.248393,105.717783,TBKA001 | Peus Mouy | Peus Mouy | 068737348 | TBKP001 | Tboung Khmum | Tboung Khmum | Agent
TBKA002,TBKA002,Tramung,Tramung,Tramung,0885963596,0885963596,0319777797,TBKP001,Tboung Khmum,Tboung Khmum,Agent,Agent,Authorized Dealer/ Authorized Agent,In effect,11.819494,106.190896,TBKA002 | Tramung | Tramung | 0885963596 | TBKP001 | Tboung Khmum | Tboung Khmum | Agent
TBKA003,TBKA003,Rokarpo Pram,Rokarpo Pram,Rokarpo Pram,0973144459,0973144459,0319777797,TBKP001,Tboung Khmum,Tboung Khmum,Agent,Agent,Authorized Dealer/ Authorized Agent,In effect,12.040843,105.711399,TBKA003 | Rokarpo Pram | Rokarpo Pram | 0973144459 | TBKP001 | Tboung Khmum | Tboung Khmum | Agent
TBKA004,TBKA004,Choam Kravien,Choam Kravien,Choam Kravien,0712266338,0712266338,0319777797,TBKP001,Tboung Khmum,Tboung Khmum,Agent,Agent,Authorized Dealer/ Authorized Agent,In effect,11.770064,106.338638,TBKA004 | Choam Kravien | Choam Kravien | 0712266338 | TBKP001 | Tboung Khmum | Tboung Khmum | Agent
TBKA005,TBKA005,Dar,Dar,Dar,060744744,060744744,0319777797,TBKP001,Tboung Khmum,Tboung Khmum,Agent,Agent,Authorized Dealer/ Authorized Agent,In effect,11.80188,106.119953,TBKA005 | Dar | Dar | 060744744 | TBKP001 | Tboung Khmum | Tboung Khmum | Agent
TBKA006,TBKA006,Rumchek,Rumchek,Rumchek,0977161141,0977161141,0319777797,TBKP001,Tboung Khmum,Tboung Khmum,Agent,Agent,Authorized Dealer/ Authorized Agent,In effect,12.105325,106.000691,TBKA006 | Rumchek | Rumchek | 0977161141 | TBKP001 | Tboung Khmum | Tboung Khmum | Agent
TBKA008,TBKA008,Kaong Kang,Kaong Kang,Kaong Kang,0888574737,0888574737,0319777797,TBKP001,Tboung Khmum,Tboung Khmum,Agent,Agent,Authorized Dealer/ Authorized Agent,In effect,11.810423,105.844209,TBKA008 | Kaong Kang | Kaong Kang | 0888574737 | TBKP001 | Tboung Khmum | Tboung Khmum | Agent
TBKA009,TBKA009,Trapeang Phlong,Trapeang Phlong,Trapeang Phlong,0884540504,0884540504,0319777797,TBKP001,Tboung Khmum,Tboung Khmum,Agent,Agent,Authorized Dealer/ Authorized Agent,In effect,11.692978,105.966143,TBKA009 | Trapeang Phlong | Trapeang Phlong | 0884540504 | TBKP001 | Tboung Khmum | Tboung Khmum | Agent
TBKA010,TBKA010,Dambae,Dambae,Dambae,0715000544,0715000544,0319777797,TBKP001,Tboung Khmum,Tboung Khmum,Agent,Agent,Authorized Dealer/ Authorized Agent,In effect,12.017253,105.884091,TBKA010 | Dambae | Dambae | 0715000544 | TBKP001 | Tboung Khmum | Tboung Khmum | Agent
TBKA011,TBKA011,Chong Cheach,Chong Cheach,Chong Cheach,0975645656,0975645656,0319777797,TBKP001,Tboung Khmum,Tboung Khmum,Agent,Agent,Authorized Dealer/ Authorized Agent,In effect,11.912352,105.861044,TBKA011 | Chong Cheach | Chong Cheach | 0975645656 | TBKP001 | Tboung Khmum | Tboung Khmum | Agent
TBKA012,TBKA012,Chhuk,Chhuk,Chhuk,0713223344,0713223344,0319777797,TBKP001,Tboung Khmum,Tboung Khmum,Agent,Agent,Authorized Dealer/ Authorized Agent,In effect,12.157931,105.739451,TBKA012 | Chhuk | Chhuk | 0713223344 | TBKP001 | Tboung Khmum | Tboung Khmum | Agent
TBKA013,TBKA013,Chumnik,Chumnik,Chumnik,0979840645,0979840645,0319777797,TBKP001,Tboung Khmum,Tboung Khmum,Agent,Agent,Authorized Dealer/ Authorized Agent,In effect,12.25263,105.817345,TBKA013 | Chumnik | Chumnik | 0979840645 | TBKP001 | Tboung Khmum | Tboung Khmum | Agent
TBKA014,TBKA014,Trea,Trea,Trea,0887088800,0887088800,0319777797,TBKP001,Tboung Khmum,Tboung Khmum,Agent,Agent,Authorized Dealer/ Authorized Agent,In effect,12.234293,105.546472,TBKA014 | Trea | Trea | 0887088800 | TBKP001 | Tboung Khmum | Tboung Khmum | Agent
TBKA015,TBKA015,Chak,Chak,Chak,0887233382,0887233382,0319777797,TBKP001,Tboung Khmum,Tboung Khmum,Agent,Agent,Authorized Dealer/ Authorized Agent,In effect,11.776389,105.598362,TBKA015 | Chak | Chak | 0887233382 | TBKP001 | Tboung Khmum | Tboung Khmum | Agent
TBKA016,TBKA016,Kraek,Kraek,Kraek,0978885861,0978885861,0319777797,TBKP001,Tboung Khmum,Tboung Khmum,Agent,Agent,Authorized Dealer/ Authorized Agent,In effect,11.785283,106.002698,TBKA016 | Kraek | Kraek | 0978885861 | TBKP001 | Tboung Khmum | Tboung Khmum | Agent
TBKA017,TBKA017,Kor 01,Kor 01,Kor 01,0976451168,0976451168,0319777797,TBKP001,Tboung Khmum,Tboung Khmum,Agent,Agent,Authorized Dealer/ Authorized Agent,In effect,11.973743,105.742968,TBKA017 | Kor 01 | Kor 01 | 0976451168 | TBKP001 | Tboung Khmum | Tboung Khmum | Agent
TBKA018,TBKA018,Choam Ta Mau,Choam Ta Mau,Choam Ta Mau,0886768706,0886768706,0319777797,TBKP001,Tboung Khmum,Tboung Khmum,Agent,Agent,Authorized Dealer/ Authorized Agent,In effect,11.886598,106.243362,TBKA018 | Choam Ta Mau | Choam Ta Mau | 0886768706 | TBKP001 | Tboung Khmum | Tboung Khmum | Agent
TBKA019,TBKA019,Chob,Chob,Chob,0979696886,0979696886,0319777797,TBKP001,Tboung Khmum,Tboung Khmum,Agent,Agent,Authorized Dealer/ Authorized Agent,In effect,11.918445,105.603895,TBKA019 | Chob | Chob | 0979696886 | TBKP001 | Tboung Khmum | Tboung Khmum | Agent
TBKA020,TBKA020,Peam Chileang,Peam Chileang,Peam Chileang,0974912222,0974912222,0319777797,TBKP001,Tboung Khmum,Tboung Khmum,Agent,Agent,Authorized Dealer/ Authorized Agent,In effect,12.101092,105.547606,TBKA020 | Peam Chileang | Peam Chileang | 0974912222 | TBKP001 | Tboung Khmum | Tboung Khmum | Agent
TBKA021,TBKA021,Sralab,Sralab,Sralab,0972588168,0972588168,0319777797,TBKP001,Tboung Khmum,Tboung Khmum,Agent,Agent,Authorized Dealer/ Authorized Agent,In effect,11.862282,105.738753,TBKA021 | Sralab | Sralab | 0972588168 | TBKP001 | Tboung Khmum | Tboung Khmum | Agent
TBKA022,TBKA022,Kor 02,Kor 02,Kor 02,0978785059,0978785059,0319777797,TBKP001,Tboung Khmum,Tboung Khmum,Agent,Agent,Authorized Dealer/ Authorized Agent,In effect,11.976871,105.716563,TBKA022 | Kor 02 | Kor 02 | 0978785059 | TBKP001 | Tboung Khmum | Tboung Khmum | Agent
TBKP001,TBKP001,Suong,Suong,Suong,0319777797,0319777797,0319777797,TBKP001,Tboung Khmum,Tboung Khmum,Post Office,Post Office,Post office,In effect,11.911554,105.651283,TBKP001 | Suong | Suong | 0319777797 | TBKP001 | Tboung Khmum | Tboung Khmum | Post Office
TBKS001,TBKS001,Suong,Suong,Suong,0882489696,0882489696,0319777797,TBKP001,Tboung Khmum,Tboung Khmum,Showroom,Showroom,Post office,In effect,11.910232,105.653275,TBKS001 | Suong | Suong | 0882489696 | TBKP001 | Tboung Khmum | Tboung Khmum | Showroom
TBKS002,TBKS002,Kraek,Kraek,Kraek,0719400049,0719400049,0319777797,TBKP001,Tboung Khmum,Tboung Khmum,Showroom,Showroom,Post office,In effect,11.763201,105.940445,TBKS002 | Kraek | Kraek | 0719400049 | TBKP001 | Tboung Khmum | Tboung Khmum | Showroom
TBKS003,TBKS003,Memut,Memut,Memut,0885358862,0885358862,0319777797,TBKP001,Tboung Khmum,Tboung Khmum,Showroom,Showroom,Post office,In effect,11.828102,106.182878,TBKS003 | Memut | Memut | 0885358862 | TBKP001 | Tboung Khmum | Tboung Khmum | Showroom
TBKS004,TBKS004,Ampil Ta Pok,Ampil Ta Pok,Ampil Ta Pok,0714443292,0714443292,0319777797,TBKP001,Tboung Khmum,Tboung Khmum,Showroom,Showroom,Post office,In effect,11.796341,105.499489,TBKS004 | Ampil Ta Pok | Ampil Ta Pok | 0714443292 | TBKP001 | Tboung Khmum | Tboung Khmum | Showroom
THOA001,THOA001,Srayouv,Srayouv,Srayouv,0975921168,0975921168,0882133448,THOP001,Kampong Thom,Kampong Thom,Agent,Agent,Authorized Dealer/ Authorized Agent,In effect,12.657969,104.919848,THOA001 | Srayouv | Srayouv | 0975921168 | THOP001 | Kampong Thom | Kampong Thom | Agent
THOA002,THOA002,Sou Young,Sou Young,Sou Young,0979678777,0979678777,0882133448,THOP001,Kampong Thom,Kampong Thom,Agent,Agent,Authorized Dealer/ Authorized Agent,In effect,12.247011,105.123774,THOA002 | Sou Young | Sou Young | 0979678777 | THOP001 | Kampong Thom | Kampong Thom | Agent
THOA003,THOA003,Triel,Triel,Triel,0889900252,0889900252,0882133448,THOP001,Kampong Thom,Kampong Thom,Agent,Agent,Authorized Dealer/ Authorized Agent,In effect,12.333434,105.105665,THOA003 | Triel | Triel | 0889900252 | THOP001 | Kampong Thom | Kampong Thom | Agent
THOA004,THOA004,Baray,Baray,Baray,090235666,090235666,0882133448,THOP001,Kampong Thom,Kampong Thom,Agent,Agent,Authorized Dealer/ Authorized Agent,In effect,12.396384,105.083396,THOA004 | Baray | Baray | 090235666 | THOP001 | Kampong Thom | Kampong Thom | Agent
THOA005,THOA005,Bak Sna,Bak Sna,Bak Sna,0977557199,0977557199,0882133448,THOP001,Kampong Thom,Kampong Thom,Agent,Agent,Authorized Dealer/ Authorized Agent,In effect,12.515992,105.281484,THOA005 | Bak Sna | Bak Sna | 0977557199 | THOP001 | Kampong Thom | Kampong Thom | Agent
THOA006,THOA006,Tbaeng,Tbaeng,Tbaeng,066612813,066612813,0882133448,THOP001,Kampong Thom,Kampong Thom,Agent,Agent,Authorized Dealer/ Authorized Agent,In effect,12.793109,104.78912,THOA006 | Tbaeng | Tbaeng | 066612813 | THOP001 | Kampong Thom | Kampong Thom | Agent
THOA007,THOA007,Tang Krasang,Tang Krasang,Tang Krasang,090834810,090834810,0882133448,THOP001,Kampong Thom,Kampong Thom,Agent,Agent,Authorized Dealer/ Authorized Agent,In effect,12.56012,105.04978,THOA007 | Tang Krasang | Tang Krasang | 090834810 | THOP001 | Kampong Thom | Kampong Thom | Agent
THOA008,THOA008,San Ko,San Ko,San Ko,0975120190,0975120190,0882133448,THOP001,Kampong Thom,Kampong Thom,Agent,Agent,Authorized Dealer/ Authorized Agent,In effect,12.80811,104.738129,THOA008 | San Ko | San Ko | 0975120190 | THOP001 | Kampong Thom | Kampong Thom | Agent
THOA009,THOA009,Tum Ring,Tum Ring,Tum Ring,066687713,066687713,0882133448,THOP001,Kampong Thom,Kampong Thom,Agent,Agent,Authorized Dealer/ Authorized Agent,In effect,12.901008,105.424327,THOA009 | Tum Ring | Tum Ring | 066687713 | THOP001 | Kampong Thom | Kampong Thom | Agent
THOA010,THOA010,Kraya,Kraya,Kraya,0883588806,0883588806,0882133448,THOP001,Kampong Thom,Kampong Thom,Agent,Agent,Authorized Dealer/ Authorized Agent,In effect,13.118471,104.762385,THOA010 | Kraya | Kraya | 0883588806 | THOP001 | Kampong Thom | Kampong Thom | Agent
THOA011,THOA011,Sala Visai,Sala Visai,Sala Visai,068848840,068848840,0882133448,THOP001,Kampong Thom,Kampong Thom,Agent,Agent,Authorized Dealer/ Authorized Agent,In effect,12.948858,104.944323,THOA011 | Sala Visai | Sala Visai | 068848840 | THOP001 | Kampong Thom | Kampong Thom | Agent
THOA012,THOA012,Steung Sean,Steung Sean,Steung Sean,0717687666,0717687666,0882133448,THOP001,Kampong Thom,Kampong Thom,Agent,Agent,Authorized Dealer/ Authorized Agent,In effect,12.870132,105.068985,THOA012 | Steung Sean | Steung Sean | 0717687666 | THOP001 | Kampong Thom | Kampong Thom | Agent
THOA013,THOA013,Chhuk,Chhuk,Chhuk,0979197468,0979197468,0882133448,THOP001,Kampong Thom,Kampong Thom,Agent,Agent,Authorized Dealer/ Authorized Agent,In effect,12.931402,105.164794,THOA013 | Chhuk | Chhuk | 0979197468 | THOP001 | Kampong Thom | Kampong Thom | Agent
THOA014,THOA014,Krava,Krava,Krava,0972163303,0972163303,0882133448,THOP001,Kampong Thom,Kampong Thom,Agent,Agent,Authorized Dealer/ Authorized Agent,In effect,12.473985,105.244491,THOA014 | Krava | Krava | 0972163303 | THOP001 | Kampong Thom | Kampong Thom | Agent
THOA015,THOA015,Kampong Chen Tboung,Kampong Chen Tboung,Kampong Chen Tboung,0977008490,0977008490,0882133448,THOP001,Kampong Thom,Kampong Thom,Agent,Agent,Authorized Dealer/ Authorized Agent,In effect,12.929947,104.579938,THOA015 | Kampong Chen Tboung | Kampong Chen Tboung | 0977008490 | THOP001 | Kampong Thom | Kampong Thom | Agent
THOA016,THOA016,Chamna Kraom,Chamna Kraom,Chamna Kraom,0885709168,0885709168,0882133448,THOP001,Kampong Thom,Kampong Thom,Agent,Agent,Authorized Dealer/ Authorized Agent,In effect,12.848016,104.635693,THOA016 | Chamna Kraom | Chamna Kraom | 0885709168 | THOP001 | Kampong Thom | Kampong Thom | Agent
THOA017,THOA017,Steung Sean,Steung Sean,Steung Sean,0977537606,0977537606,0882133448,THOP001,Kampong Thom,Kampong Thom,Agent,Agent,Authorized Dealer/ Authorized Agent,In effect,104.89055,12.728917,THOA017 | Steung Sean | Steung Sean | 0977537606 | THOP001 | Kampong Thom | Kampong Thom | Agent
THOA018,THOA018,Steung Sean,Steung Sean,Steung Sean,0313756464,0313756464,0882133448,THOP001,Kampong Thom,Kampong Thom,Agent,Agent,Authorized Dealer/ Authorized Agent,In effect,12.87017,105.06897,THOA018 | Steung Sean | Steung Sean | 0313756464 | THOP001 | Kampong Thom | Kampong Thom | Agent
THOP001,THOP001,Stueng Saen,Stueng Saen,Stueng Saen,0882133448,0882133448,0882133448,THOP001,Kampong Thom,Kampong Thom,Post Office,Post Office,Post office,In effect,12.718887,104.886428,THOP001 | Stueng Saen | Stueng Saen | 0882133448 | THOP001 | Kampong Thom | Kampong Thom | Post Office
THOP018,THOP018,Steung Sean,Steung Sean,Steung Sean,0313756464,0313756464,0882133448,THOP001,Kampong Thom,Kampong Thom,Post Office,Post Office,Authorized Dealer/ Authorized Agent,Out of effect,12.622,105.4718,THOP018 | Steung Sean | Steung Sean | 0313756464 | THOP001 | Kampong Thom | Kampong Thom | Post Office
THOS001,THOS001,Prey Ta Hu,Prey Ta Hu,Prey Ta Hu,0976327489,0976327489,0882133448,THOP001,Kampong Thom,Kampong Thom,Showroom,Showroom,Post office,In effect,12.718984,104.886849,THOS001 | Prey Ta Hu | Prey Ta Hu | 0976327489 | THOP001 | Kampong Thom | Kampong Thom | Showroom
THOS002,THOS002,Ballang,Ballang,Ballang,090853838,090853838,0882133448,THOP001,Kampong Thom,Kampong Thom,Showroom,Showroom,Post office,In effect,12.4996,105.125,THOS002 | Ballang | Ballang | 090853838 | THOP001 | Kampong Thom | Kampong Thom | Showroom
THOS003,THOS003,Kampong Chen Cheung,Kampong Chen Cheung,Kampong Chen Cheung,0978280025,0978280025,0882133448,THOP001,Kampong Thom,Kampong Thom,Showroom,Showroom,Post office,In effect,12.943729,104.569481,THOS003 | Kampong Chen Cheung | Kampong Chen Cheung | 0978280025 | THOP001 | Kampong Thom | Kampong Thom | Showroom
THOS004,THOS004,Sandan,Sandan,Sandan,068334448,068334448,0882133448,THOP001,Kampong Thom,Kampong Thom,Showroom,Showroom,Post office,In effect,13.102497,105.241223,THOS004 | Sandan | Sandan | 068334448 | THOP001 | Kampong Thom | Kampong Thom | Showroom
PNPTTSST,PNPTTSST,PNP TEST,PNP TEST,PNP TEST,,,0886479090,TTCNVTP,Trung tâm Công nghệ - VTP - test,Trung tâm Công nghệ - VTP - test,Post Office,Post Office,Post office,Out of effect,,,PNPTTSST | PNP TEST | PNP TEST | TTCNVTP | Trung tâm Công nghệ - VTP - test | Trung tâm Công nghệ - VTP - test | Post Office
